0	C(C(C(C(C(CO)O)O)O)O)=O	180.063388104	Molecule
1	O	18.010564684	Molecule
2	[OH-]	17.003288232	Molecule
3	[H+]	1.007276452	Molecule
4	[Fe+3]	55.933291759999996	Molecule
5	[Fe+2]	55.933840339999996	Molecule
6	C(CO)=O	60.021129368000004	Molecule
7	C(C(C(CO)O)O)=O	120.04225873600001	Molecule
9	C(CO)(C(C(C(CO)O)O)O)=O	180.063388104	Molecule
11	C(C(C(C(C(CO)O)O)O)O)(O)=O	196.05830272400001	Molecule
12	C(C(C(C(C(CO)O)O)O)O)O	182.079038168	Molecule
14	C(C(CC(C(CO)O)O)=O)=O	162.05282342	Molecule
16	C(CC(C(C(CO)O)O)=O)=O	162.05282342	Molecule
18	C(C(C(CC(CO)O)=O)O)=O	162.05282342	Molecule
20	C(CC(C=O)O)(C(CO)O)=O	162.05282342	Molecule
22	C(C(C(C=O)O)O)(CCO)=O	162.05282342	Molecule
24	C(C(C(CC(CO)=O)O)O)=O	162.05282342	Molecule
26	C(C(C(C(C(C)=O)O)O)O)=O	162.05282342	Molecule
28	C(CC(C(C(C=O)O)O)O)=O	162.05282342	Molecule
30	C(C(C1C(C(C(O)O1)O)O)O)O	180.063388104	Molecule
32	C(C1C(C(C(C(O)O1)O)O)O)O	180.063388104	Molecule
34	C1C(C(C(C(C(O)O1)O)O)O)O	180.063388104	Molecule
36	C(C(CC(C(CO)O)O)O)(O)=O	180.063388104	Molecule
38	C(C(C(C(C(CO)O)O)O)=O)=O	178.04773804	Molecule
41	C1(C(C(C(C1CO)O)O)O)=O	162.05282342	Molecule
43	C1(C(C(C(C(C1)O)O)O)O)=O	162.05282342	Molecule
46	C(C1C(C(C(C1O)O)O)O)=O	162.05282342	Molecule
55	C(CO)(CO)=O	90.031694052	Molecule
56	C(C(CO)O)=O	90.031694052	Molecule
58	C(C(C)=O)=O	72.021129368	Molecule
60	C(CC(CO)=O)=O	102.031694052	Molecule
62	C(C(C(C)=O)O)=O	102.031694052	Molecule
64	C(C=O)=O	58.005479304000005	Molecule
65	C(C)(C(CO)O)=O	104.047344116	Molecule
67	C(C(CC(CO)=O)O)=O	132.042258736	Molecule
68	C=O	30.010564684	Molecule
70	C(C(CCO)=O)=O	102.031694052	Molecule
72	C(CO)(CCO)=O	104.047344116	Molecule
74	C(C(C(C(C)=O)O)O)=O	132.042258736	Molecule
77	C(C(C=O)O)=O	88.016043988	Molecule
78	C(C)(CO)=O	74.036779432	Molecule
82	C(CC(C=O)O)=O	102.031694052	Molecule
84	C(C(C(C=O)O)O)=O	118.02660867200001	Molecule
85	C(C)=O	44.026214748	Molecule
88	C(C(CO)=O)=O	88.016043988	Molecule
91	C(CO)(C(CO)O)=O	120.04225873600001	Molecule
94	C(C(C(CO)O)O)(C(CO)O)=O	180.063388104	Molecule
96	C(CC(C(C(CO)O)=O)O)=O	162.05282342	Molecule
98	C(C(CO)=O)(CC(CO)O)=O	162.05282342	Molecule
100	C(C(C(CC(CO)O)O)=O)=O	162.05282342	Molecule
102	C(C(CO)O)(CC(CO)=O)=O	162.05282342	Molecule
104	C(C(CC(C(CO)=O)O)O)=O	162.05282342	Molecule
106	C(CCO)(C(C(CO)=O)O)=O	162.05282342	Molecule
108	C(C(C(C(CCO)O)=O)O)=O	162.05282342	Molecule
110	C(CO)(C(CC(CO)=O)O)=O	162.05282342	Molecule
112	C(C(C(CC(C=O)O)O)O)=O	162.05282342	Molecule
114	C(C)(C(C(C(CO)=O)O)O)=O	162.05282342	Molecule
116	C(C(C(C=O)O)O)(C(C)O)=O	162.05282342	Molecule
118	C(CC(C(C(CO)=O)O)O)=O	162.05282342	Molecule
120	C(C(C(C(C(CO)O)O)=O)O)=O	178.04773804	Molecule
122	C(CO)O	62.036779432	Molecule
124	C(C(C(CO)O)O)O	122.0579088	Molecule
126	C(CO)(CC(C(CO)O)O)=O	164.068473484	Molecule
128	C(C(C(CO)O)O)(CCO)=O	164.068473484	Molecule
130	C(C(CO)O)(CC(CO)O)=O	164.068473484	Molecule
135	C(C)(C(C(C(CO)O)O)O)=O	164.068473484	Molecule
137	C(CC(C(C(CO)O)O)O)=O	164.068473484	Molecule
139	C(C(C(C(CCO)O)O)O)=O	164.068473484	Molecule
142	C(CO)(O)=O	76.01604398799999	Molecule
144	C(C(C(CO)O)O)(O)=O	136.03717335599998	Molecule
146	C(C(CC(C(CO)O)O)=O)(O)=O	178.04773803999998	Molecule
148	C(CC(C(C(CO)O)O)=O)(O)=O	178.04773804	Molecule
150	C(C(C(CC(CO)O)=O)O)(O)=O	178.04773803999998	Molecule
152	C(CC(C(O)=O)O)(C(CO)O)=O	178.04773803999998	Molecule
154	C(C(C(C(O)=O)O)O)(CCO)=O	178.04773803999998	Molecule
156	C(C(C(CC(CO)=O)O)O)(O)=O	178.04773803999998	Molecule
158	C(C(C(C(C(C)=O)O)O)O)(O)=O	178.04773803999998	Molecule
160	C(CC(C(C(C(O)=O)O)O)O)=O	178.04773803999998	Molecule
162	C(CC(C(C(C=O)O)O)O)(O)=O	178.04773803999998	Molecule
164	C(C(C(C(C(CO)O)O)O)=O)(O)=O	194.04265266	Molecule
166	C1(CC(C(C1(CO)O)O)O)=O	162.05282342	Molecule
168	C(C1(C(C(CC1O)O)O)O)=O	162.05282342	Molecule
170	C(C(C(CO)O)(C(CO)O)O)=O	180.063388104	Molecule
196	C(CCO)(CC(C=O)=O)=O	144.042258736	Molecule
198	C(CO)(CCC(C=O)=O)=O	144.042258736	Molecule
200	C(C)(C(CC(C=O)=O)O)=O	144.042258736	Molecule
202	C(CC(CC(C=O)=O)O)=O	144.042258736	Molecule
204	C(CC(C(CCO)=O)=O)=O	144.042258736	Molecule
206	C(CC(CC(CO)=O)=O)=O	144.042258736	Molecule
208	C(CC(C(C(C)=O)O)=O)=O	144.042258736	Molecule
210	C(CC(C(CC=O)O)=O)=O	144.042258736	Molecule
212	C(C(C=O)O)(CC(C)=O)=O	144.042258736	Molecule
214	C(C(C(CCC=O)=O)O)=O	144.042258736	Molecule
216	C(C(CC(C(C)=O)=O)O)=O	144.042258736	Molecule
218	C(CC(CC(C=O)O)=O)=O	144.042258736	Molecule
232	C1(CC(C(C(CO)O)O1)O)=O	162.05282342	Molecule
234	C1(COC(C(CO)O)C1O)=O	162.05282342	Molecule
236	C1(C(O)OC(C(CO)O)C1)=O	162.05282342	Molecule
238	C1(C(C(CO)O)OC(C1)O)=O	162.05282342	Molecule
240	C(C)(C1C(C(C(O1)O)O)O)=O	162.05282342	Molecule
242	C(CC1C(C(C(O)O1)O)O)=O	162.05282342	Molecule
244	C1(CC(C(C(CO)O1)O)O)=O	162.05282342	Molecule
246	C1(COC(CO)C(C1O)O)=O	162.05282342	Molecule
248	C1(C(O)OC(CO)C(C1)O)=O	162.05282342	Molecule
250	C1(C(C(CO)OC(C1)O)O)=O	162.05282342	Molecule
252	C1(C(C(O)OC(CO)C1)O)=O	162.05282342	Molecule
254	C1(C(CO)OC(C(C1)O)O)=O	162.05282342	Molecule
256	C1(CC(C(C(CO1)O)O)O)=O	162.05282342	Molecule
258	C1(COCC(C(C1O)O)O)=O	162.05282342	Molecule
260	C1(C(O)OCC(C(C1)O)O)=O	162.05282342	Molecule
262	C1(C(C(COC(C1)O)O)O)=O	162.05282342	Molecule
264	C1(C(C(O)OCC(C1)O)O)=O	162.05282342	Molecule
266	C1(C(COC(C(C1)O)O)O)=O	162.05282342	Molecule
268	C1(C(C(C(O)OCC1)O)O)=O	162.05282342	Molecule
270	C1(COC(C(C(C1)O)O)O)=O	162.05282342	Molecule
272	C(CC(C(O)=O)O)(CCO)=O	162.05282342	Molecule
274	C(C(CCC(CO)=O)O)(O)=O	162.05282342	Molecule
276	C(C(CC(C(C)=O)O)O)(O)=O	162.05282342	Molecule
278	C(CC(CC(C(O)=O)O)O)=O	162.05282342	Molecule
280	C(C(C(CC(CO)O)=O)=O)=O	160.037173356	Molecule
282	C(C(CO)O)(CC(C=O)=O)=O	160.037173356	Molecule
284	C(CCO)(C(C(C=O)=O)O)=O	160.037173356	Molecule
286	C(CO)(CC(C(C=O)=O)O)=O	160.037173356	Molecule
288	C(C)(C(C(C(C=O)=O)O)O)=O	160.037173356	Molecule
290	C(CC(C(C(C=O)=O)O)O)=O	160.037173356	Molecule
292	C(C(CO)O)=CC(C=O)=O	144.042258736	Molecule
294	C(C(C(C=CCO)=O)O)=O	144.042258736	Molecule
296	C(C=CC(C(CO)O)=O)=O	144.042258736	Molecule
298	C(C(C(C(C=C)=O)O)O)=O	144.042258736	Molecule
300	C(C(C=CC(CO)=O)O)=O	144.042258736	Molecule
302	C(C(C(C=CC=O)O)O)=O	144.042258736	Molecule
304	C(C(C(CO)O)O)=CC(O)=O	162.05282342	Molecule
306	C(C(C=CC(CO)O)O)(O)=O	162.05282342	Molecule
317	C1C(C(C(O)O1)O)O	120.04225873600001	Molecule
319	C(C1(C(C(C(CO)O1)O)O)O)O	180.063388104	Molecule
322	C(C1(CC(C(CO)O1)O)O)=O	162.05282342	Molecule
325	C(CC1(C(C(CO1)O)O)O)=O	162.05282342	Molecule
327	C(C(C1(CC(CO1)O)O)O)=O	162.05282342	Molecule
329	C(C1C(CC(CO)(O1)O)O)=O	162.05282342	Molecule
331	C(C1C(C(C(C)(O1)O)O)O)=O	162.05282342	Molecule
334	C(C(C1C(CC(O)O1)O)O)=O	162.05282342	Molecule
337	C1(C(O)OC(C(CO)O)C1O)=O	178.04773804	Molecule
339	C(C1(C(C(C(CO)O1)O)O)O)=O	178.04773804	Molecule
341	C1C(C(C(C(CO)(O)O1)O)O)O	180.063388104	Molecule
344	C(C1(CC(C(CO1)O)O)O)=O	162.05282342	Molecule
349	C(C1C(C(CC(O1)O)O)O)=O	162.05282342	Molecule
351	C1(C(O)OC(CO)C(C1O)O)=O	178.04773804	Molecule
353	C(C1(C(C(C(CO1)O)O)O)O)=O	178.04773804	Molecule
361	C1(C(O)OCC(C(C1O)O)O)=O	178.04773804	Molecule
366	C1(C(C(C(C(CO)O)O1)O)O)=O	178.04773804	Molecule
368	C1(C(CC(C(CO)O)O1)O)=O	162.05282342	Molecule
370	C1(C(C(C(C(CO)O1)O)O)O)=O	178.04773804	Molecule
372	C1(C(CC(C(CO)O1)O)O)=O	162.05282342	Molecule
374	C1(C(C(C(C(CO1)O)O)O)O)=O	178.04773804	Molecule
376	C1(C(CC(C(CO1)O)O)O)=O	162.05282342	Molecule
380	C(C(CCO)O)(O)=O	120.04225873600001	Molecule
387	C(C(C(CO)O)=O)=O	118.02660867200001	Molecule
394	C(C(CC(C(CO)O)O)O)=O	164.068473484	Molecule
405	C1(C(C(C(C1)O)O)O)=O	132.042258736	Molecule
408	C1(C(C(C(CC1O)O)O)O)=O	162.05282342	Molecule
410	C1(C(C(C(C1)O)(CO)O)O)=O	162.05282342	Molecule
412	C1(C(CC(CO)(C1O)O)O)=O	162.05282342	Molecule
414	C1(C(C(C(CO)(C1)O)O)O)=O	162.05282342	Molecule
416	C1(C(C(C(C)(C1O)O)O)O)=O	162.05282342	Molecule
418	C1(C(C(CC(C1O)O)O)O)=O	162.05282342	Molecule
420	C1(C(CO)C(C(C1)=O)O)=O	144.042258736	Molecule
422	C1(CCC(C(C1O)O)=O)=O	144.042258736	Molecule
424	C(C1(CCC(C1O)=O)O)=O	144.042258736	Molecule
426	C1(CC(C(CC1O)=O)O)=O	144.042258736	Molecule
428	C(C1(CC(C(C1)=O)O)O)=O	144.042258736	Molecule
430	C(C1C(CC(C1O)=O)O)=O	144.042258736	Molecule
432	C1(C(CC(C1CO)O)=O)=O	144.042258736	Molecule
434	C1(CC(C(C(C1)=O)O)O)=O	144.042258736	Molecule
436	C1(CC(CC(C1O)=O)O)=O	144.042258736	Molecule
439	C(C1C(C(CC1O)O)=O)=O	144.042258736	Molecule
442	C(C1C(C(C(C1)=O)O)O)=O	144.042258736	Molecule
444	C1(C(CC(C(C1)O)O)=O)=O	144.042258736	Molecule
446	C(C1C(CC(C1O)O)=O)=O	144.042258736	Molecule
448	C1(C(CO)C(C(C1O)=O)O)=O	160.037173356	Molecule
450	C1(C(C(C(CC1O)=O)O)O)=O	160.037173356	Molecule
452	C(C1(C(CC(C1O)=O)O)O)=O	160.037173356	Molecule
455	C(C1(C(C(C(C1)=O)O)O)O)=O	160.037173356	Molecule
457	C(C1C(C(C(C1O)=O)O)O)=O	160.037173356	Molecule
459	C1C(C(C(C(C=1)=O)O)O)O	144.042258736	Molecule
461	C1(C(C(C(C(C1CO)O)O)O)O)=O	192.063388104	Molecule
463	C(CO)(C(C(CO)(CO)O)O)=O	180.063388104	Molecule
467	C(C(C)(C(C(CO)=O)O)O)=O	162.05282342	Molecule
469	C(C(CC(CO)(CO)O)=O)=O	162.05282342	Molecule
471	C(CO)(CC(C(C(CO)=O)O)O)=O	192.063388104	Molecule
473	C(CC(CO)(C(C(CO)=O)O)O)=O	192.063388104	Molecule
475	C(C(C(CO)=O)C(CO)(CO)O)=O	192.063388104	Molecule
477	C(CC(C(C(CO)(CO)O)O)=O)=O	192.063388104	Molecule
479	C(C)(C(C(C(C(CO)=O)O)O)O)=O	192.063388104	Molecule
481	C(C(C(C)(C(C(CO)=O)O)O)O)=O	192.063388104	Molecule
483	C(C(C(CC(CO)(CO)O)=O)O)=O	192.063388104	Molecule
485	C(C(C(C(CO)=O)O)O)=O	148.037173356	Molecule
487	C(CO)(C(C(C)(C(CO)O)O)O)=O	194.079038168	Molecule
489	C(C(CO)O)(CC(CO)(CO)O)=O	194.079038168	Molecule
492	C(C(C(C(CCO)=O)O)O)(CO)=O	192.063388104	Molecule
494	C(C(CCO)(C(C(CO)=O)O)O)=O	192.063388104	Molecule
496	C(C(C(CO)C(CO)(CO)O)=O)=O	192.063388104	Molecule
498	C(CO)(C(C(CO)(CCO)O)O)=O	194.079038168	Molecule
500	C(C(C(CO)(CO)O)O)(CCO)=O	194.079038168	Molecule
502	C(CO)(C(CO)C(CO)(CO)O)=O	194.079038168	Molecule
504	C(C(C(C(C(CO)=O)O)O)O)=O	178.04773804	Molecule
506	C(CO)(C(C(CO)(C)O)O)=O	164.068473484	Molecule
508	C(CO)(CC(CO)(CO)O)=O	164.068473484	Molecule
510	C(C)(C(C(CO)(CO)O)O)=O	164.068473484	Molecule
512	C(CC(C(C(C(CO)=O)O)O)O)=O	192.063388104	Molecule
514	C(C(CC(C(C(CO)=O)O)O)O)=O	192.063388104	Molecule
516	C(C(C(CO)(CO)O)C(C=O)O)=O	192.063388104	Molecule
518	C(CO)(C(C(C)O)O)=O	134.0579088	Molecule
520	C(CC(CO)(CO)O)=O	134.0579088	Molecule
522	C(CO)(C(C(C(CO)=O)O)O)=O	178.04773804	Molecule
524	C(C(CO)(C(C(CO)=O)O)O)=O	178.04773804	Molecule
526	C(C(C(C(CO)(CO)O)O)=O)=O	178.04773804	Molecule
529	C(C(C(CO)=O)C(C(CO)O)O)=O	192.063388104	Molecule
531	C(CC(C(C(C(CO)O)O)O)=O)=O	192.063388104	Molecule
533	C(C(C(CC(C(CO)O)O)=O)O)=O	192.063388104	Molecule
535	C(C(CO)O)(CC(C(CO)O)O)=O	194.079038168	Molecule
537	C(C(C(CO)C(C(CO)O)O)=O)=O	192.063388104	Molecule
539	C(C(C(C(CO)O)O)O)(CCO)=O	194.079038168	Molecule
541	C(CO)(C(CO)C(C(CO)O)O)=O	194.079038168	Molecule
545	C(C(C(C(CO)O)O)C(C=O)O)=O	192.063388104	Molecule
547	C(CC(C(CO)O)O)=O	134.0579088	Molecule
551	C(C(C)(CC(C=O)=O)O)=O	144.042258736	Molecule
553	C(CO)(CC(CC(C=O)=O)O)=O	174.05282342	Molecule
555	C(CC(CO)(CC(C=O)=O)O)=O	174.05282342	Molecule
557	C(C(C(CO)=O)C(C(C)=O)O)=O	174.05282342	Molecule
559	C(C(C)(C(C=O)C(CO)=O)O)=O	174.05282342	Molecule
561	C(CC(C(C(C(C)=O)O)O)=O)=O	174.05282342	Molecule
563	C(C(C)(C(C(CC=O)=O)O)O)=O	174.05282342	Molecule
565	C(C)(C(C(CC(C=O)=O)O)O)=O	174.05282342	Molecule
567	C(C(C(C)(CC(C=O)=O)O)O)=O	174.05282342	Molecule
569	C(C(C(CC(C(C)=O)O)=O)O)=O	174.05282342	Molecule
571	C(C(C)(CC(C(C=O)O)=O)O)=O	174.05282342	Molecule
573	C(C(CC(C=O)=O)O)=O	130.026608672	Molecule
575	C(C(CC(C)(C(CO)O)O)=O)=O	176.068473484	Molecule
577	C(CC(C(C)=O)O)(C(CO)O)=O	176.068473484	Molecule
579	C(C(C)(CC(C(CO)O)=O)O)=O	176.068473484	Molecule
582	C(C(CC(C=O)=O)O)(CCO)=O	174.05282342	Molecule
584	C(C(CCO)(CC(C=O)=O)O)=O	174.05282342	Molecule
586	C(C(C(C(C=O)=O)CO)O)(C)=O	174.05282342	Molecule
588	C(C(C)(C(C(C=O)=O)CO)O)=O	174.05282342	Molecule
590	C(C(CC(CO)(CCO)O)=O)=O	176.068473484	Molecule
592	C(C(C(C(CCO)=O)O)O)(C)=O	176.068473484	Molecule
594	C(C(C)(C(C(CCO)=O)O)O)=O	176.068473484	Molecule
596	C(CO)(C(CO)C(C(C)=O)O)=O	176.068473484	Molecule
598	C(C(C)(C(C(CO)=O)CO)O)=O	176.068473484	Molecule
600	C(C(C(CC(C=O)=O)O)O)=O	160.037173356	Molecule
602	C(C(CC(C)(CO)O)=O)=O	146.0579088	Molecule
604	C(C)(C(CC(CO)=O)O)=O	146.0579088	Molecule
606	C(C(C)(CC(CO)=O)O)=O	146.0579088	Molecule
608	C(C)(C(C(C(C)=O)O)O)=O	146.0579088	Molecule
610	C(C(C)(C(C(C)=O)O)O)=O	146.0579088	Molecule
612	C(CC(C(CC(C=O)=O)O)O)=O	174.05282342	Molecule
614	C(C(CC(CC(C=O)=O)O)O)=O	174.05282342	Molecule
616	C(C(C(C=O)C(C(C)=O)O)O)=O	174.05282342	Molecule
618	C(C(C(C=O)C(C=O)(C)O)O)=O	174.05282342	Molecule
620	C(C(C(C(CC(C=O)=O)O)O)O)=O	190.04773804	Molecule
622	C(C(CC(C)O)=O)=O	116.047344116	Molecule
624	C(CC(C(C)=O)O)=O	116.047344116	Molecule
626	C(C(C)(CC=O)O)=O	116.047344116	Molecule
628	C(CO)(C(CC(C=O)=O)O)=O	160.037173356	Molecule
630	C(C(CO)(CC(C=O)=O)O)=O	160.037173356	Molecule
633	C(C(C)(C(C(C=O)=O)O)O)=O	160.037173356	Molecule
635	C(C(CC(CO)(C(CO)O)O)=O)=O	192.063388104	Molecule
637	C(C(C(C(C(CO)O)=O)O)O)(C)=O	192.063388104	Molecule
639	C(C(C)(C(C(C(CO)O)=O)O)O)=O	192.063388104	Molecule
641	C(C(CC(C=O)=O)O)(C(CO)O)=O	190.04773804	Molecule
643	C(C(C(CO)O)(CC(C=O)=O)O)=O	190.04773804	Molecule
645	C(C(C(CO)=O)C(C=O)O)=O	160.037173356	Molecule
647	C(CC(C(C(C=O)O)O)=O)=O	160.037173356	Molecule
649	C(C(C(CO)=O)CO)=O	132.042258736	Molecule
651	C(CC(C(CO)O)=O)=O	132.042258736	Molecule
653	C(C(C(C(C=O)C(CO)=O)O)O)=O	190.04773804	Molecule
655	C(CC(C(C(C(C=O)O)O)O)=O)=O	190.04773804	Molecule
657	C(C(C(CO)=O)C(CO)(C)O)=O	176.068473484	Molecule
659	C(CC(C(C(CO)(C)O)O)=O)=O	176.068473484	Molecule
661	C(CO)(CC(CC(CO)=O)O)=O	176.068473484	Molecule
663	C(CC(CO)(CC(CO)=O)O)=O	176.068473484	Molecule
665	C(C)(C(C(CC(CO)=O)O)O)=O	176.068473484	Molecule
667	C(CC(CO)(C(C(C)=O)O)O)=O	176.068473484	Molecule
669	C(C(C(CO)=O)C(C)O)=O	146.0579088	Molecule
671	C(CC(C(C(C)O)O)=O)=O	146.0579088	Molecule
673	C(CC(CC(CO)=O)O)=O	146.0579088	Molecule
675	C(CC(CO)(CC=O)O)=O	146.0579088	Molecule
677	C(C(C(CO)=O)C(C(CO)=O)O)=O	190.04773804	Molecule
679	C(CC(C(C(C(CO)=O)O)O)=O)=O	190.04773804	Molecule
681	C(C(CO)(C(C=O)C(CO)=O)O)=O	190.04773804	Molecule
683	C(C(CO)(C(C(CC=O)=O)O)O)=O	190.04773804	Molecule
685	C(CO)(CC(C(C(C=O)=O)O)O)=O	190.04773804	Molecule
687	C(CC(CO)(C(C(C=O)=O)O)O)=O	190.04773804	Molecule
689	C(C(C(CC(C=O)O)=O)O)=O	160.037173356	Molecule
691	C(C(C(CCO)=O)O)=O	132.042258736	Molecule
693	C(CC(C(C=O)O)O)(C(C=O)O)=O	190.04773804	Molecule
695	C(C(C(CC(CO)(C)O)=O)O)=O	176.068473484	Molecule
698	C(C(C(C)(CC(CO)=O)O)O)=O	176.068473484	Molecule
700	C(C)(C(C(C(C(C)=O)O)O)O)=O	176.068473484	Molecule
702	C(C(C(C)(C(C(C)=O)O)O)O)=O	176.068473484	Molecule
704	C(C(C(CC(C)O)=O)O)=O	146.0579088	Molecule
706	C(CC(C(C(C)=O)O)O)=O	146.0579088	Molecule
708	C(CC(C)(C(C=O)O)O)=O	146.0579088	Molecule
710	C(C(C(CC(C(CO)=O)O)=O)O)=O	190.04773804	Molecule
712	C(C(CO)(CC(C(C=O)O)=O)O)=O	190.04773804	Molecule
714	C(C)(C(C(C(C(C=O)=O)O)O)O)=O	190.04773804	Molecule
716	C(C(C(C)(C(C(C=O)=O)O)O)O)=O	190.04773804	Molecule
719	C(C(C(C(CO)=O)C(C=O)O)O)=O	190.04773804	Molecule
721	C(C(C(C(CC(C=O)O)=O)O)O)=O	190.04773804	Molecule
723	C(C(C(C(C=O)=O)CO)O)=O	160.037173356	Molecule
726	C(CO)(C(CO)C(C=O)O)=O	162.05282342	Molecule
731	C(C(C(C=O)C(C=O)O)O)=O	160.037173356	Molecule
734	C(C(C(C(C=O)=O)O)O)=O	146.021523292	Molecule
736	C(C(C(C=O)O)O)(C(CO)O)=O	178.04773804	Molecule
738	C(C(CO)O)(CCO)=O	134.0579088	Molecule
740	C(C(CO)O)(CC(C(C=O)O)O)=O	192.063388104	Molecule
742	C(C(CO)O)(CC(CO)(C)O)=O	178.084123548	Molecule
744	C(CO)(CC(C)(C(CO)O)O)=O	178.084123548	Molecule
746	C(C)(C(C(C)(C(CO)O)O)O)=O	178.084123548	Molecule
748	C(C(CO)O)(CC(C)O)=O	148.073558864	Molecule
750	C(CC(C)(C(CO)O)O)=O	148.073558864	Molecule
752	C(CC(C(CO)=O)O)(C(CO)O)=O	192.063388104	Molecule
754	C(C(CO)(CC(C(CO)O)=O)O)=O	192.063388104	Molecule
756	C(C(C(C(C)(C(CO)O)O)O)=O)=O	192.063388104	Molecule
760	C(CO)(C(C(C)O)C(C=O)O)=O	176.068473484	Molecule
762	C(CC(C=O)O)(C(C(C)O)O)=O	176.068473484	Molecule
764	C(CC(C(CC(CO)=O)O)O)=O	176.068473484	Molecule
766	C(CC(CO)(CC(C=O)O)O)=O	176.068473484	Molecule
768	C(C(C(CO)CO)=O)=O	132.042258736	Molecule
771	C(CO)(C(CO)CO)=O	134.0579088	Molecule
776	C(C(CO)C(C=O)O)=O	132.042258736	Molecule
778	C(CCO)=O	74.036779432	Molecule
781	C(C(CO)O)(C(CO)O)=O	150.05282342	Molecule
783	C(C(CO)C(C(C(CO)O)=O)O)=O	192.063388104	Molecule
785	C(C(C(CO)O)=O)(CC(CO)O)=O	192.063388104	Molecule
787	C(C(CO)=O)(C(CO)C(CO)O)=O	192.063388104	Molecule
789	C(C(CO)O)(CC(C(CO)O)=O)=O	192.063388104	Molecule
791	C(C(CO)O)(C(C(CO)=O)CO)=O	192.063388104	Molecule
793	C(C(CC(C(C(CO)O)=O)O)O)=O	192.063388104	Molecule
795	C(CCO)(C(C(C(CO)O)=O)O)=O	192.063388104	Molecule
797	C(C(CO)CO)(C(C(CO)=O)O)=O	192.063388104	Molecule
799	C(CC(C(C(CO)O)=O)O)(CO)=O	192.063388104	Molecule
801	C(CO)(C(CO)C(C(CO)=O)O)=O	192.063388104	Molecule
806	C(CC(C(C(C(CO)O)=O)O)O)=O	192.063388104	Molecule
808	C(C(CO)C(C(C(CO)=O)O)O)=O	192.063388104	Molecule
812	C(C(C(CO)O)O)(C(CO)CO)=O	194.079038168	Molecule
814	C(C(CO)O)(C(CO)C(CO)O)=O	194.079038168	Molecule
817	C(C(CO)C(C(C(CO)O)O)O)=O	194.079038168	Molecule
819	C1(C(CO)(C(C(C1CO)O)O)O)=O	192.063388104	Molecule
821	C(CCO)(C(C(C=O)=O)CO)=O	174.05282342	Molecule
823	C(C(CO)CO)(CC(C=O)=O)=O	174.05282342	Molecule
825	C(CC(C(C=O)=O)CO)(CO)=O	174.05282342	Molecule
827	C(CO)(C(CO)CC(C=O)=O)=O	174.05282342	Molecule
829	C(CCC(C=O)=O)(C(CO)O)=O	174.05282342	Molecule
833	C(CC(C(C(C=O)=O)CO)O)=O	174.05282342	Molecule
835	C(C(CO)C(CC(C=O)=O)O)=O	174.05282342	Molecule
837	C(C(C(C(CCO)=O)=O)CO)=O	174.05282342	Molecule
839	C(CC(C(C(CO)CO)=O)=O)=O	174.05282342	Molecule
841	C(C(C(CC(CO)=O)=O)CO)=O	174.05282342	Molecule
843	C(CC=O)(C(C(CO)=O)CO)=O	174.05282342	Molecule
845	C(CC(CC(C(CO)O)=O)=O)=O	174.05282342	Molecule
847	C(C(C(C(C(C)=O)O)=O)CO)=O	174.05282342	Molecule
849	C(CC(C(C(CCO)=O)O)=O)=O	174.05282342	Molecule
851	C(CC(C(C(C=O)CO)=O)O)=O	174.05282342	Molecule
853	C(C(CO)C(C(CC=O)=O)O)=O	174.05282342	Molecule
855	C(C(C=O)O)(C(C(C)=O)CO)=O	174.05282342	Molecule
857	C(C(C=O)O)(CC(CCO)=O)=O	174.05282342	Molecule
859	C(C(CO)CC=O)(C(C=O)O)=O	174.05282342	Molecule
861	C(C(CO)CC(C(C=O)O)=O)=O	174.05282342	Molecule
863	C(C(C(C(C(C)=O)=O)CO)O)=O	174.05282342	Molecule
865	C(C(CC(C(CCO)=O)=O)O)=O	174.05282342	Molecule
867	C(C(CO)C(C=O)O)(CC=O)=O	174.05282342	Molecule
869	C(CC(C=O)O)(C(C=O)CO)=O	174.05282342	Molecule
871	C1(C(CO)OC(C(CO)O)C1O)=O	192.063388104	Molecule
873	C1(C(O)OC(C(CO)O)C1CO)=O	192.063388104	Molecule
875	C1(C(C(CO)O)OC(C1CO)O)=O	192.063388104	Molecule
877	C(C1C(C(C(O1)O)O)O)(CCO)=O	192.063388104	Molecule
879	C(C(CO)C1C(C(C(O)O1)O)O)=O	192.063388104	Molecule
881	C1(C(CO)OC(C(C1O)O)CO)=O	192.063388104	Molecule
883	C1(C(O)OC(CO)C(C1CO)O)=O	192.063388104	Molecule
885	C1(C(C(CO)OC(C1CO)O)O)=O	192.063388104	Molecule
887	C1(C(C(O)OC(CO)C1CO)O)=O	192.063388104	Molecule
889	C1(C(CO)OC(C(C1CO)O)O)=O	192.063388104	Molecule
891	C1(C(CO)OCC(C(C1O)O)O)=O	192.063388104	Molecule
893	C1(C(O)OCC(C(C1CO)O)O)=O	192.063388104	Molecule
895	C1(C(C(COC(C1CO)O)O)O)=O	192.063388104	Molecule
897	C1(C(C(O)OCC(C1CO)O)O)=O	192.063388104	Molecule
899	C1(C(COC(C(C1CO)O)O)O)=O	192.063388104	Molecule
901	C1(C(C(C(O)OCC1CO)O)O)=O	192.063388104	Molecule
903	C1(COC(C(C(C1CO)O)O)O)=O	192.063388104	Molecule
905	C1(C(CO)OC(C(C(C1)O)O)O)=O	192.063388104	Molecule
907	C(C(CO)C(C(O)=O)O)(CCO)=O	192.063388104	Molecule
909	C(CC(C(O)=O)O)(C(CO)CO)=O	192.063388104	Molecule
911	C(C(CC(C(CO)=O)CO)O)(O)=O	192.063388104	Molecule
913	C(C(CO)O)(CCC(C(O)=O)O)=O	192.063388104	Molecule
915	C(C(CC(C(O)=O)O)O)(CCO)=O	192.063388104	Molecule
917	C(C(CO)C(CC(C(O)=O)O)O)=O	192.063388104	Molecule
919	C(C(C(C(CO)C(CO)O)=O)=O)=O	190.04773804	Molecule
921	C(C(CO)O)(C(C(C=O)=O)CO)=O	190.04773804	Molecule
923	C(C(CO)CO)(C(C(C=O)=O)O)=O	190.04773804	Molecule
925	C(CO)(C(CO)C(C(C=O)=O)O)=O	190.04773804	Molecule
927	C(CC(C(C=O)=O)O)(C(CO)O)=O	190.04773804	Molecule
929	C(C(C(C(C=O)=O)O)O)(CCO)=O	190.04773804	Molecule
931	C(C(CO)C(C(C(C=O)=O)O)O)=O	190.04773804	Molecule
933	C(C(C=CC(C(CO)O)=O)O)=O	174.05282342	Molecule
935	C(C(CO)C1(C(C(CO1)O)O)O)=O	192.063388104	Molecule
937	C(C(C(C(C(C=O)=O)CO)O)O)=O	190.04773804	Molecule
939	C(C(C(CO)C(C)(CO)O)=O)=O	176.068473484	Molecule
941	C(CC(C(CCO)=O)O)(CO)=O	176.068473484	Molecule
943	C(C(CCO)(CC(CO)=O)O)=O	176.068473484	Molecule
946	C(C(CCO)(C(C(C)=O)O)O)=O	176.068473484	Molecule
948	C(C(C(CO)C(C)O)=O)=O	146.0579088	Molecule
950	C(CC(C(CCO)=O)O)=O	146.0579088	Molecule
952	C(C(CCO)(CC=O)O)=O	146.0579088	Molecule
954	C(C(C(C(C=O)=O)CO)O)(CO)=O	190.04773804	Molecule
956	C(C(CO)(C(C(C=O)=O)CO)O)=O	190.04773804	Molecule
959	C(C(CCO)(C(C(C=O)=O)O)O)=O	190.04773804	Molecule
961	C(C(C(C(C=O)O)O)O)(CCO)=O	192.063388104	Molecule
963	C(C(C(C(C(CO)=O)CO)O)O)=O	192.063388104	Molecule
965	C(C(C(CO)(C)O)O)(CCO)=O	178.084123548	Molecule
967	C(CO)(C(CO)C(CO)(C)O)=O	178.084123548	Molecule
969	C(CO)(CC(CO)(CCO)O)=O	178.084123548	Molecule
971	C(C)(C(C(CO)(CCO)O)O)=O	178.084123548	Molecule
973	C(C(C(C)O)O)(CCO)=O	148.073558864	Molecule
975	C(CO)(C(CO)C(C)O)=O	148.073558864	Molecule
977	C(CC(CO)(CCO)O)=O	148.073558864	Molecule
981	C(C(CO)(C(C(CCO)=O)O)O)=O	192.063388104	Molecule
983	C(C(CO)(C(C(CO)=O)CO)O)=O	192.063388104	Molecule
985	C(C(C(C(CO)(CCO)O)O)=O)=O	192.063388104	Molecule
987	C(C(C(C=O)O)O)(CC(C)O)=O	176.068473484	Molecule
989	C(CC(C(C(C(C)=O)O)O)O)=O	176.068473484	Molecule
991	C(CC(C)(C(C(C=O)O)O)O)=O	176.068473484	Molecule
995	C(C(C(C(C=O)C(C=O)O)O)O)=O	190.04773804	Molecule
997	C(CC(C(C=O)O)O)=O	132.042258736	Molecule
999	C(C(C(C(C(C=O)=O)O)O)O)=O	176.032087976	Molecule
1001	C(CO)(CC(CO)(C)O)=O	148.073558864	Molecule
1003	C(C)(C(C(CO)(C)O)O)=O	148.073558864	Molecule
1007	C(C(CC(CC(CO)=O)O)O)=O	176.068473484	Molecule
1009	C(C(CC(C(C(C)=O)O)O)O)=O	176.068473484	Molecule
1011	C(C(C(CO)(C)O)C(C=O)O)=O	176.068473484	Molecule
1013	C(C(C(C(CC(CO)=O)O)O)O)=O	192.063388104	Molecule
1015	C(C(C(C(C(C(C)=O)O)O)O)O)=O	192.063388104	Molecule
1017	C(CO)(CC(C)O)=O	118.06299418	Molecule
1019	C(C)(C(C(C)O)O)=O	118.06299418	Molecule
1021	C(CC(C)(CO)O)=O	118.06299418	Molecule
1025	C(C(CO)(CC(CO)=O)O)=O	162.05282342	Molecule
1027	C(C(CO)(C(C(C)=O)O)O)=O	162.05282342	Molecule
1029	C(C(C(C(CO)(C)O)O)=O)=O	162.05282342	Molecule
1031	C(CO)(CC(CO)(C(CO)O)O)=O	194.079038168	Molecule
1033	C(C)(C(C(CO)(C(CO)O)O)O)=O	194.079038168	Molecule
1035	C(C(C(CO)(C)O)O)(C(CO)O)=O	194.079038168	Molecule
1039	C(C(C(CO)O)(CC(CO)=O)O)=O	192.063388104	Molecule
1041	C(C(C(CO)O)(C(C(C)=O)O)O)=O	192.063388104	Molecule
1043	C(C(C(C)O)C(C=O)O)=O	146.0579088	Molecule
1045	C(CC(C(CC=O)O)O)=O	146.0579088	Molecule
1047	C(CC(CC(C=O)O)O)=O	146.0579088	Molecule
1049	C(C(C(C=O)C(C(CO)=O)O)O)=O	190.04773804	Molecule
1051	C(C(C(C=O)C(C=O)(CO)O)O)=O	190.04773804	Molecule
1053	C(CC(C(C(C(C=O)=O)O)O)O)=O	190.04773804	Molecule
1055	C(C(CC(C(C(C=O)=O)O)O)O)=O	190.04773804	Molecule
1058	C(CC(C)O)=O	88.052429496	Molecule
1060	C(CC(C(CO)=O)O)=O	132.042258736	Molecule
1062	C(C(CO)(CC=O)O)=O	132.042258736	Molecule
1064	C(C(C(C(C)O)O)=O)=O	132.042258736	Molecule
1066	C(CC(CO)(C(CO)O)O)=O	164.068473484	Molecule
1068	C(C(C(C)O)O)(C(CO)O)=O	164.068473484	Molecule
1070	C(CC(C(CC(CCO)=O)=O)O)=O	188.068473484	Molecule
1072	C(CC(C=O)(CC=O)O)(CCO)=O	188.068473484	Molecule
1074	C(CC(CCO)(CC(C=O)=O)O)=O	188.068473484	Molecule
1076	C(CCO)(C(C(C=O)=O)C(C)O)=O	188.068473484	Molecule
1078	C(C(CO)C(C)O)(CC(C=O)=O)=O	188.068473484	Molecule
1080	C(CC(C(CCC(CO)=O)=O)O)=O	188.068473484	Molecule
1082	C(CO)(CCC(C=O)(CC=O)O)=O	188.068473484	Molecule
1084	C(CC(CCC(C=O)=O)(CO)O)=O	188.068473484	Molecule
1086	C(CC(C(C=O)=O)C(C)O)(CO)=O	188.068473484	Molecule
1088	C(CO)(C(C(C)O)CC(C=O)=O)=O	188.068473484	Molecule
1090	C(CCC(C=O)=O)(C(C(C)O)O)=O	188.068473484	Molecule
1092	C(CC(C(CC(C(C)=O)O)=O)O)=O	188.068473484	Molecule
1094	C(C)(C(CC(C=O)(CC=O)O)O)=O	188.068473484	Molecule
1096	C(CC(C)(C(CC(C=O)=O)O)O)=O	188.068473484	Molecule
1098	C(C(C(C(C=O)=O)C(C)O)O)(C)=O	188.068473484	Molecule
1100	C(C(CC(C=O)=O)O)(CC(C)O)=O	188.068473484	Molecule
1102	C(CC(C(CC(CC=O)O)=O)O)=O	188.068473484	Molecule
1104	C(CC(CC(C=O)(CC=O)O)O)=O	188.068473484	Molecule
1106	C(CC(CC(CC(C=O)=O)O)O)=O	188.068473484	Molecule
1108	C(CC(C(C(C=O)=O)C(C)O)O)=O	188.068473484	Molecule
1110	C(C(C(CC(C=O)=O)O)C(C)O)=O	188.068473484	Molecule
1112	C(CC(CC(C(CCO)=O)=O)O)=O	188.068473484	Molecule
1114	C(CC(C(CCO)=O)(CC=O)O)=O	188.068473484	Molecule
1116	C(C(CCO)(CC=O)O)(CC=O)=O	188.068473484	Molecule
1118	C(C(C(C(CCO)=O)=O)C(C)O)=O	188.068473484	Molecule
1120	C(CC(C(C(CO)C(C)O)=O)=O)=O	188.068473484	Molecule
1122	C(CC(CC(CC(CO)=O)=O)O)=O	188.068473484	Molecule
1124	C(CC(CC=O)(CC(CO)=O)O)=O	188.068473484	Molecule
1126	C(CC(CC(CO)(CC=O)O)=O)=O	188.068473484	Molecule
1128	C(C(C(CC(CO)=O)=O)C(C)O)=O	188.068473484	Molecule
1130	C(CC=O)(C(C(CO)=O)C(C)O)=O	188.068473484	Molecule
1132	C(CC(CC(C(C(C)O)O)=O)=O)=O	188.068473484	Molecule
1134	C(CC(CC(C(C(C)=O)O)=O)O)=O	188.068473484	Molecule
1136	C(CC(C(C(C)=O)O)(CC=O)O)=O	188.068473484	Molecule
1138	C(CC(C)(C(C(CC=O)=O)O)O)=O	188.068473484	Molecule
1140	C(C(C(C(C(C)=O)O)=O)C(C)O)=O	188.068473484	Molecule
1142	C(CC(C(C(CC(C)O)=O)O)=O)=O	188.068473484	Molecule
1145	C(CC(C(CC=O)O)(CC=O)O)=O	188.068473484	Molecule
1147	C(CC(CC(C(CC=O)=O)O)O)=O	188.068473484	Molecule
1149	C(CC(C(C(C=O)C(C)O)=O)O)=O	188.068473484	Molecule
1151	C(C(C(C)O)C(C(CC=O)=O)O)=O	188.068473484	Molecule
1153	C(CC(C(C(CC(C)=O)=O)O)O)=O	188.068473484	Molecule
1155	C(CC(C(C=O)O)(CC(C)=O)O)=O	188.068473484	Molecule
1157	C(C(C(CC(C)(CC=O)O)=O)O)=O	188.068473484	Molecule
1159	C(C(C=O)O)(C(C(C)=O)C(C)O)=O	188.068473484	Molecule
1161	C(C(C=O)O)(CC(CC(C)O)=O)=O	188.068473484	Molecule
1163	C(CC(C(C(CCC=O)=O)O)O)=O	188.068473484	Molecule
1165	C(CCC(C(C=O)O)(CC=O)O)=O	188.068473484	Molecule
1167	C(C(C(CCC(CC=O)O)=O)O)=O	188.068473484	Molecule
1169	C(C(C(C)O)CC=O)(C(C=O)O)=O	188.068473484	Molecule
1171	C(C(C(C)O)CC(C(C=O)O)=O)=O	188.068473484	Molecule
1173	C(CC(C(CC(C(C)=O)=O)O)O)=O	188.068473484	Molecule
1175	C(C)(C(CC(C=O)O)(CC=O)O)=O	188.068473484	Molecule
1177	C(CC(C=O)O)(C(C)(CC=O)O)=O	188.068473484	Molecule
1179	C(C(C(C(C(C)=O)=O)C(C)O)O)=O	188.068473484	Molecule
1181	C(C(CC(C(CC(C)O)=O)=O)O)=O	188.068473484	Molecule
1183	C(CC(CC(C(CC=O)O)O)=O)=O	188.068473484	Molecule
1185	C(CC(CC(C=O)O)(CC=O)O)=O	188.068473484	Molecule
1187	C(CC(C=O)O)(CC(CC=O)O)=O	188.068473484	Molecule
1189	C(C(C(C)O)C(C=O)O)(CC=O)=O	188.068473484	Molecule
1191	C(CC(C=O)O)(C(C=O)C(C)O)=O	188.068473484	Molecule
1193	C(CC(C(C=CC(CO)O)=O)O)=O	188.068473484	Molecule
1195	C(C(C=CC(CO)O)(CC=O)O)=O	188.068473484	Molecule
1197	C(CC(C(C(C=CCO)=O)O)O)=O	188.068473484	Molecule
1199	C(CC(C=CCO)(C(C=O)O)O)=O	188.068473484	Molecule
1201	C(CC(C=CC(C(CO)O)=O)O)=O	188.068473484	Molecule
1203	C(CC(C=CC=O)(C(CO)O)O)=O	188.068473484	Molecule
1205	C(CC(C(C(C(C=C)=O)O)O)O)=O	188.068473484	Molecule
1207	C(C(C(C(C=C)(CC=O)O)O)O)=O	188.068473484	Molecule
1209	C(CC(C(C=CC(CO)=O)O)O)=O	188.068473484	Molecule
1211	C(C(C=CC(CO)(CC=O)O)O)=O	188.068473484	Molecule
1213	C(C(C=CC(C(C(C)O)O)=O)O)=O	188.068473484	Molecule
1215	C(CC(C(C(C=CC=O)O)O)O)=O	188.068473484	Molecule
1217	C(C(C(C=CC(CC=O)O)O)O)=O	188.068473484	Molecule
1220	C(C(C(CO)O)(CC=O)O)=O	162.05282342	Molecule
1222	C(CO)(C(C(C(C=O)=O)O)O)=O	176.032087976	Molecule
1224	C(C(CO)(C(C(C=O)=O)O)O)=O	176.032087976	Molecule
1226	C(C(C(CO)(CO)O)O)=O	150.05282342	Molecule
1228	C(CO)(C(C(CO)O)O)=O	150.05282342	Molecule
1230	C(C(C(C(CO)O)O)O)=O	150.05282342	Molecule
1233	C(C(C)(C(C=O)O)O)=O	132.042258736	Molecule
1235	C(C(CC(CO)O)=O)=O	132.042258736	Molecule
1238	C(CC(CO)(C(C=O)O)O)=O	162.05282342	Molecule
1240	C(C(C(CO)=O)C(CO)O)=O	162.05282342	Molecule
1244	C(C(C(C)(C(C=O)O)O)O)=O	162.05282342	Molecule
1248	C(C(C(C)(C(CO)O)O)O)=O	164.068473484	Molecule
1252	C(C(CC(CO)(C(C=O)O)O)O)=O	192.063388104	Molecule
1254	C(CO)(C(C(CO)O)C(C=O)O)=O	192.063388104	Molecule
1256	C(CC(C=O)O)(C(C(CO)O)O)=O	192.063388104	Molecule
1260	C(C(CCO)(C(C=O)O)O)=O	162.05282342	Molecule
1262	C(C(C(CO)C(CO)O)=O)=O	162.05282342	Molecule
1264	C(C(C(CO)(CCO)O)O)=O	164.068473484	Molecule
1267	C(CO)(C(CO)C(CO)O)=O	164.068473484	Molecule
1270	C(C(C(C(C)(C(C=O)O)O)O)O)=O	192.063388104	Molecule
1272	C(C(C(C=O)O)O)(CC(CO)O)=O	192.063388104	Molecule
1274	C(C(C(C(C=O)O)O)O)=O	148.037173356	Molecule
1276	C(C(C(CO)(C)O)O)=O	134.0579088	Molecule
1278	C(CO)(CC(CO)O)=O	134.0579088	Molecule
1280	C(C)(C(C(CO)O)O)=O	134.0579088	Molecule
1284	C(C(C(CO)O)C(C=O)O)=O	162.05282342	Molecule
1286	C(C(C(C(C(C=O)O)O)O)O)=O	178.04773804	Molecule
1288	C(C(C(C)O)O)=O	104.047344116	Molecule
1290	C(CC(CO)O)=O	104.047344116	Molecule
1293	C(C(CO)(C(C=O)O)O)=O	148.037173356	Molecule
1295	C(C(C(C(CO)O)O)=O)=O	148.037173356	Molecule
1297	C(C(C(CO)(C(CO)O)O)O)=O	180.063388104	Molecule
1301	C(C(C(CO)O)(C(C=O)O)O)=O	178.04773804	Molecule
1303	C(C(CC(C(C(CO)O)O)O)=O)=O	192.063388104	Molecule
1305	C(CO)(CC(C(C(CO)O)O)O)=O	194.079038168	Molecule
1307	C(C)(C(C(C(C(CO)O)O)O)O)=O	194.079038168	Molecule
1311	C(C(C(C(C(CO)O)O)=O)CO)=O	192.063388104	Molecule
1313	C(C(C(C(CO)C(CO)O)=O)O)=O	192.063388104	Molecule
1315	C(C(CO)C(C=O)O)(C(CO)O)=O	192.063388104	Molecule
1317	C(C(C(C=O)O)O)(C(CO)CO)=O	192.063388104	Molecule
1322	C(C(CO)C(C(C(C=O)O)O)O)=O	192.063388104	Molecule
1324	C(C(C)O)(O)=O	90.03169405199999	Molecule
1328	C(C(CO)O)(O)=O	106.026608672	Molecule
1330	C(C(CO)(CC(CO)O)O)(O)=O	180.06338810399998	Molecule
1332	C(C(C(CC(CO)O)O)O)(O)=O	180.06338810399998	Molecule
1338	C(C(CCO)(CC=O)O)(O)=O	162.05282342	Molecule
1340	C(C(C)(CC(C=O)O)O)(O)=O	162.05282341999998	Molecule
1343	C(C(C=O)(CC(CO)O)O)(O)=O	178.04773803999998	Molecule
1388	C(C(CO)=O)(C)=O	102.031694052	Molecule
1391	C(CO)(CC(CO)=O)=O	132.042258736	Molecule
1393	C(CO)(C(C(C)=O)O)=O	132.042258736	Molecule
1399	C(C(C(C)O)=O)=O	102.031694052	Molecule
1401	C(CO)(C(C)O)=O	104.047344116	Molecule
1403	C(CC=O)=O	72.021129368	Molecule
1405	C(C(C(CO)=O)O)=O	118.02660867200001	Molecule
1415	C(C(CCO)O)=O	104.047344116	Molecule
1417	C(C(C)=O)(O)=O	88.01604398799999	Molecule
1419	C(=O)=O	43.98982924	Molecule
1421	C(CC(CO)=O)(O)=O	118.02660867200001	Molecule
1424	C(C(C(C)=O)O)(O)=O	118.026608672	Molecule
1426	C(C(O)=O)=O	74.000393924	Molecule
1428	C(C(CC(CO)=O)O)(O)=O	148.03717335599998	Molecule
1431	C(C(C(C(C)=O)O)O)(O)=O	148.03717335599998	Molecule
1433	C(C(C=O)O)(O)=O	104.010958608	Molecule
1436	C(C(C(C=O)O)O)(O)=O	134.02152329199998	Molecule
1438	C(CC(C=O)O)(O)=O	118.026608672	Molecule
1440	C(C(CO)=O)(O)=O	104.010958608	Molecule
1442	C(C)(C(CO)(C(C=O)O)O)=O	162.05282342	Molecule
1449	C(C)(CC(C=O)=O)=O	114.031694052	Molecule
1453	C(CC(C=O)=O)=O	100.016043988	Molecule
1455	C(CC(C(C)=O)=O)=O	114.031694052	Molecule
1458	C(C(C)=O)(C)=O	86.036779432	Molecule
1460	C(CC(C)=O)=O	86.036779432	Molecule
1462	C(OC(C(C)=O)C(CO)O)=O	162.05282342	Molecule
1464	C1(COC(C1)O)=O	102.031694052	Molecule
1466	C(C(C(OCC(C)=O)O)O)=O	162.05282342	Molecule
1468	C(C(CO)OCC(CO)=O)=O	162.05282342	Molecule
1470	C(C(CO)OC(C(C)=O)O)=O	162.05282342	Molecule
1472	C(OC(CO)C(C(C)=O)O)=O	162.05282342	Molecule
1474	C(OC(CO)CC(CO)=O)=O	162.05282342	Molecule
1476	C(C)(C(CO)OC(C=O)O)=O	162.05282342	Molecule
1478	C1(COC(C(C1)O)O)=O	132.042258736	Molecule
1480	C(C(COCC(CO)=O)O)=O	162.05282342	Molecule
1482	C(C(COC(C(C)=O)O)O)=O	162.05282342	Molecule
1484	C(OCC(C(C(C)=O)O)O)=O	162.05282342	Molecule
1486	C(CO)(CC(OCC=O)O)=O	162.05282342	Molecule
1488	C(OCC(CC(CO)=O)O)=O	162.05282342	Molecule
1490	C(C)(C(C(OCC=O)O)O)=O	162.05282342	Molecule
1492	C(C)(C(COC(C=O)O)O)=O	162.05282342	Molecule
1494	C(CO)(CCOC(C=O)O)=O	162.05282342	Molecule
1497	C(C)(CCO)=O	88.052429496	Molecule
1499	C(C(CC(C)=O)O)(O)=O	132.042258736	Molecule
1501	C(C(CC=O)O)(O)=O	118.02660867200001	Molecule
1503	C(C(C(C)=O)=O)=O	100.016043988	Molecule
1505	C(CO)(CC(C=O)=O)=O	130.026608672	Molecule
1508	C(C)(C(C(C=O)=O)O)=O	130.026608672	Molecule
1511	C(C(C=O)=O)=O	86.00039392400001	Molecule
1518	C(C(C(C=O)=O)O)=O	116.01095860800001	Molecule
1520	C(C=CC(CO)=O)=O	114.031694052	Molecule
1522	C=CC(C=O)=O	84.021129368	Molecule
1524	C=CC(CO)=O	86.036779432	Molecule
1526	C(C=CC=O)=O	84.021129368	Molecule
1528	C1(C(C(CO1)O)O)=O	118.02660867200001	Molecule
1530	C1(CC(CO1)O)=O	102.031694052	Molecule
1532	C(CC(CO)(OCC=O)O)=O	162.05282342	Molecule
1534	C(C(C(C)(OCC=O)O)O)=O	162.05282342	Molecule
1536	C(C(C(CO)OC(C=O)O)O)=O	178.04773804	Molecule
1538	C(C(CC(OCC=O)O)O)=O	162.05282342	Molecule
1540	C(C(CO)OC(C(CO)=O)O)=O	178.04773804	Molecule
1542	C(C(C(COC(C=O)O)O)O)=O	178.04773804	Molecule
1544	C(C(COC(C(CO)=O)O)O)=O	178.04773804	Molecule
1548	C1(C(C(C(CO)C1O)O)O)=O	162.05282342	Molecule
1558	C(C(CC(C=O)O)O)=O	132.042258736	Molecule
1562	C(C(C(C(C)O)=O)O)=O	132.042258736	Molecule
1565	C(C(C)O)=O	74.036779432	Molecule
1584	C(C(C(CO)O)=O)(CCO)=O	162.05282342	Molecule
1586	C(C(CO)=O)(C(CCO)O)=O	162.05282342	Molecule
1589	C(C(C(C(CCO)O)O)=O)=O	162.05282342	Molecule
1598	C(C(CO)O)(C(C(C)=O)O)=O	162.05282342	Molecule
1600	C(C(C)O)(C(C(CO)=O)O)=O	162.05282342	Molecule
1603	C(C(C(C(C(C)O)O)=O)O)=O	162.05282342	Molecule
1608	C(C(CO)=O)(C(C(CO)O)O)=O	178.04773804	Molecule
1613	C(C(CCO)O)(C(CO)O)=O	164.068473484	Molecule
1615	C(CO)(C(CC(CO)O)O)=O	164.068473484	Molecule
1617	C(C(C(CO)O)O)(C(C)O)=O	164.068473484	Molecule
1619	C(CO)(C(C(CCO)O)O)=O	164.068473484	Molecule
1621	C(CC(C(C(CO)O)=O)O)(O)=O	178.04773804	Molecule
1623	C(C(C(CC(CO)O)O)=O)(O)=O	178.04773803999998	Molecule
1625	C(C(CC(C(CO)=O)O)O)(O)=O	178.04773803999998	Molecule
1627	C(C(C(C(CCO)O)=O)O)(O)=O	178.04773803999998	Molecule
1629	C(C(C(CC(C=O)O)O)O)(O)=O	178.04773803999998	Molecule
1631	C(C(C(C(O)=O)O)O)(C(C)O)=O	178.04773803999998	Molecule
1633	C(CC(C(C(CO)=O)O)O)(O)=O	178.04773803999998	Molecule
1635	C(C(C(C(C(CO)O)O)=O)O)(O)=O	194.04265266	Molecule
1637	C(C(CCC(C=O)=O)O)=O	144.042258736	Molecule
1639	C(C(C)O)(CC(C=O)=O)=O	144.042258736	Molecule
1642	C(CC(C(C(C)=O)=O)O)=O	144.042258736	Molecule
1644	C(CC(C(C(C)O)=O)=O)=O	144.042258736	Molecule
1647	C(C)(CC(C(CO)=O)=O)=O	144.042258736	Molecule
1649	C(C)(CC(C(C=O)=O)O)=O	144.042258736	Molecule
1651	C(CCC(C(CO)=O)=O)=O	144.042258736	Molecule
1653	C(CCC(C(C=O)=O)O)=O	144.042258736	Molecule
1655	C(CO)(CC(C(C)=O)=O)=O	144.042258736	Molecule
1658	C1(C(C(CO)O)OCC1O)=O	162.05282342	Molecule
1661	C1(C(C(CO)OCC1O)O)=O	162.05282342	Molecule
1664	C1(C(CO)OC(CC1O)O)=O	162.05282342	Molecule
1666	C1(C(O)OC(CO)CC1O)=O	162.05282342	Molecule
1668	C1(C(C(COCC1O)O)O)=O	162.05282342	Molecule
1671	C1(C(CC(O)OCC1O)O)=O	162.05282342	Molecule
1673	C1(C(O)OCC(CC1O)O)=O	162.05282342	Molecule
1675	C1(COC(C(CC1O)O)O)=O	162.05282342	Molecule
1677	C1(C(CCOC(C1O)O)O)=O	162.05282342	Molecule
1679	C(C(CCC(C=O)O)O)(O)=O	162.05282342	Molecule
1681	C(CC(C(O)=O)O)(C(C)O)=O	162.05282342	Molecule
1684	C(C(C(C(CCO)=O)=O)O)=O	160.037173356	Molecule
1686	C(C(C(C(CCO)O)=O)=O)=O	160.037173356	Molecule
1688	C(C(C=O)O)(CC(CO)=O)=O	160.037173356	Molecule
1690	C(C(CC(C(C=O)=O)O)O)=O	160.037173356	Molecule
1692	C(C(C(C(C(C)=O)O)=O)O)=O	160.037173356	Molecule
1694	C(C(C)O)(C(C(C=O)=O)O)=O	160.037173356	Molecule
1696	C(C(C(C(CC=O)O)=O)O)=O	160.037173356	Molecule
1698	C(CO)=CC(C(CO)=O)=O	144.042258736	Molecule
1700	C(C(C(C=O)=O)O)=CCO	144.042258736	Molecule
1702	C(CO)(C(C=CC=O)O)=O	144.042258736	Molecule
1704	C(CO)(C(C(C=C)=O)O)=O	144.042258736	Molecule
1706	C(C(C(C(C=C)O)=O)O)=O	144.042258736	Molecule
1708	C(C=CC(CO)=O)(CO)=O	144.042258736	Molecule
1710	C(C(C=CC(C=O)O)O)=O	144.042258736	Molecule
1713	C(CO)(C1(CC(CO1)O)O)=O	162.05282342	Molecule
1715	C(CO)(C1C(CC(O1)O)O)=O	162.05282342	Molecule
1718	C1(C(C(CO)O)OC(C1O)O)=O	178.04773804	Molecule
1721	C1(C(C(CO)OC(C1O)O)O)=O	178.04773804	Molecule
1724	C1(C(C(COC(C1O)O)O)O)=O	178.04773804	Molecule
1728	C(C1C(C(C(C1O)O)O)O)O	164.068473484	Molecule
1730	C(C(CO)O)O	92.047344116	Molecule
1737	CO	32.026214748	Molecule
1745	CCO	46.041864812	Molecule
1753	C(C(C(CC(CO)O)O)O)=O	164.068473484	Molecule
1758	C(C(C(C(CCO)O)O)O)O	166.084123548	Molecule
1761	C(C(C(C(CCO)O)O)O)(O)=O	180.06338810399998	Molecule
1763	C(CC(C(C(CO)O)O)O)(O)=O	180.06338810399998	Molecule
1765	C(C1(C(C(CC1O)O)O)O)O	164.068473484	Molecule
1767	C(C(C(CO)O)(C(CO)O)O)O	182.079038168	Molecule
1769	C(CCO)(CC(CO)=O)=O	146.0579088	Molecule
1771	C(CO)(CCC(CO)=O)=O	146.0579088	Molecule
1775	C(C(CC(CCO)O)=O)=O	146.0579088	Molecule
1777	C(C(CCO)=O)(CCO)=O	146.0579088	Molecule
1780	C(CCO)(C(C(C)=O)O)=O	146.0579088	Molecule
1783	C(CC(C(CCO)O)=O)=O	146.0579088	Molecule
1785	C(C(CO)O)(CC(C)=O)=O	146.0579088	Molecule
1787	C(CCC=O)(C(CO)O)=O	146.0579088	Molecule
1789	C(C(C(CCCO)=O)O)=O	146.0579088	Molecule
1791	C(C(C)=O)(CC(CO)O)=O	146.0579088	Molecule
1793	C(CC(CC(CO)O)=O)=O	146.0579088	Molecule
1795	C(CC(C=O)O)(CCO)=O	146.0579088	Molecule
1797	C(CC1C(C(C(O)O1)O)O)O	164.068473484	Molecule
1799	C(C(CC(CCO)O)O)(O)=O	164.068473484	Molecule
1808	C(C(CO)O)=CC(CO)=O	146.0579088	Molecule
1810	C(CO)=CC(C(CO)O)=O	146.0579088	Molecule
1813	C=CC(C(C(CO)O)O)=O	146.0579088	Molecule
1816	C(C(C(CO)O)O)=CC=O	146.0579088	Molecule
1818	C(C(C(C=CCO)O)O)=O	146.0579088	Molecule
1820	C(C1(CC(C(CO)O1)O)O)O	164.068473484	Molecule
1822	C1C(C(C(CCO)(O)O1)O)O	164.068473484	Molecule
1824	C1C(CC(C(CO)O)(O)O1)O	164.068473484	Molecule
1827	CC1(C(C(C(CO)O1)O)O)O	164.068473484	Molecule
1829	C(C(C1C(CC(O)O1)O)O)O	164.068473484	Molecule
1832	C1C(C(CC(CO)(O)O1)O)O	164.068473484	Molecule
1834	C(C1C(C(CC(O)O1)O)O)O	164.068473484	Molecule
1838	C(C(C(CC(CO)O)O)O)O	166.084123548	Molecule
1840	C(C1C(C(C(C1O)O)O)O)(O)=O	178.04773803999998	Molecule
1848	C(O)=O	46.005479304	Molecule
1850	C(C(CCO)=O)(O)=O	118.026608672	Molecule
1857	C(C)(O)=O	60.021129368000004	Molecule
1865	C(C(CC(C(C=O)O)O)O)(O)=O	178.04773803999998	Molecule
1872	C(CC(C(C(C(O)=O)O)O)O)(O)=O	194.04265266	Molecule
1875	C(C1(C(C(CC1O)O)O)O)(O)=O	178.04773803999998	Molecule
1877	C(C(C(CO)O)(C(CO)O)O)(O)=O	196.058302724	Molecule
1879	C(CCO)(CC(C(O)=O)=O)=O	160.03717335599998	Molecule
1881	C(CO)(CCC(C(O)=O)=O)=O	160.03717335599998	Molecule
1883	C(C)(C(CC(C(O)=O)=O)O)=O	160.03717335599998	Molecule
1885	C(CC(CC(C(O)=O)=O)O)=O	160.03717335599998	Molecule
1887	C(CC(CC(C=O)=O)O)(O)=O	160.03717335599998	Molecule
1889	C(CC(C(CCO)=O)=O)(O)=O	160.037173356	Molecule
1891	C(CC(CC(CO)=O)=O)(O)=O	160.037173356	Molecule
1893	C(CC(C(C(C)=O)O)=O)(O)=O	160.037173356	Molecule
1895	C(CC(C(CC=O)O)=O)(O)=O	160.037173356	Molecule
1897	C(CC(C(CC(O)=O)O)=O)=O	160.037173356	Molecule
1899	C(C(C(O)=O)O)(CC(C)=O)=O	160.03717335599998	Molecule
1901	C(C(C(CCC=O)=O)O)(O)=O	160.03717335599998	Molecule
1903	C(C(C(CCC(O)=O)=O)O)=O	160.03717335599998	Molecule
1905	C(C(CC(C(C)=O)=O)O)(O)=O	160.03717335599998	Molecule
1907	C(CC(CC(C(O)=O)O)=O)=O	160.03717335599998	Molecule
1909	C(CC(CC(C=O)O)=O)(O)=O	160.03717335599998	Molecule
1911	C(CC1C(C(C(O)O1)O)O)(O)=O	178.04773803999998	Molecule
1913	C(CC(CC(C(O)=O)O)O)(O)=O	178.04773803999998	Molecule
1915	C(C(C(CC(CO)O)=O)=O)(O)=O	176.03208797599999	Molecule
1917	C(C(CO)O)(CC(C(O)=O)=O)=O	176.03208797599999	Molecule
1919	C(CCO)(C(C(C(O)=O)=O)O)=O	176.03208797599999	Molecule
1921	C(CO)(CC(C(C(O)=O)=O)O)=O	176.03208797599999	Molecule
1923	C(C)(C(C(C(C(O)=O)=O)O)O)=O	176.03208797599999	Molecule
1925	C(CC(C(C(C(O)=O)=O)O)O)=O	176.03208797599999	Molecule
1927	C(CC(C(C(C=O)=O)O)O)(O)=O	176.03208797599999	Molecule
1929	C(C(CO)O)=CC(C(O)=O)=O	160.03717335599998	Molecule
1931	C(C(C(C=CCO)=O)O)(O)=O	160.03717335599998	Molecule
1933	C(C=CC(C(CO)O)=O)(O)=O	160.037173356	Molecule
1935	C(C(C(C(C=C)=O)O)O)(O)=O	160.03717335599998	Molecule
1937	C(C(C=CC(CO)=O)O)(O)=O	160.03717335599998	Molecule
1939	C(C(C(C=CC=O)O)O)(O)=O	160.03717335599998	Molecule
1941	C(C(C(C=CC(O)=O)O)O)=O	160.03717335599998	Molecule
1943	C(C1(CC(C(CO)O1)O)O)(O)=O	178.04773803999998	Molecule
1945	C(CC1(C(C(CO1)O)O)O)(O)=O	178.04773804	Molecule
1947	C(C(C1(CC(CO1)O)O)O)(O)=O	178.04773803999998	Molecule
1949	C(C1C(CC(CO)(O1)O)O)(O)=O	178.04773803999998	Molecule
1951	C(C1C(C(C(C)(O1)O)O)O)(O)=O	178.04773803999998	Molecule
1953	C(C(C1C(CC(O)O1)O)O)(O)=O	178.04773803999998	Molecule
1955	C(C1(C(C(C(CO)O1)O)O)O)(O)=O	194.04265266	Molecule
1957	C(C1(CC(C(CO1)O)O)O)(O)=O	178.04773803999998	Molecule
1959	C(C1C(C(CC(O1)O)O)O)(O)=O	178.04773803999998	Molecule
1961	C(C1(C(C(C(CO1)O)O)O)O)(O)=O	194.04265266	Molecule
1963	C(C(C(CO)O)=O)(O)=O	134.02152329199998	Molecule
1966	C1(C(CC(C1(CO)O)O)O)=O	162.05282342	Molecule
1971	C(C1(C(CCC1O)=O)O)=O	144.042258736	Molecule
1973	C1(C(CO)(C(C(C1)=O)O)O)=O	160.037173356	Molecule
1975	C1C(C(C(C=1)=O)(CO)O)O	144.042258736	Molecule
1977	C(C1(C(C=CC1O)O)O)=O	144.042258736	Molecule
1980	C1(C(C(C(C1(CO)CO)O)O)O)=O	192.063388104	Molecule
1982	C1(CC(C(C(C1(CO)O)O)O)O)=O	192.063388104	Molecule
1984	C(C1(CO)C(C(C(C1O)O)O)O)=O	192.063388104	Molecule
1986	C(C(CO)(C(CO)(CO)O)O)=O	180.063388104	Molecule
1988	C(C(C(C)=O)(C(CO)(CO)O)O)=O	192.063388104	Molecule
1990	C(C)(C(CO)(C(CO)(CO)O)O)=O	194.079038168	Molecule
1992	C(C(C=O)(C(CO)(CO)O)O)=O	178.04773804	Molecule
1994	C(C(CO)(C(C(CO)O)O)O)=O	180.063388104	Molecule
1997	C(C(CO)(C(C=O)(C)O)O)=O	162.05282342	Molecule
1999	C(C(CO)(C(CC(CO)=O)O)O)=O	192.063388104	Molecule
2001	C(C(CO)(C(CO)(CC=O)O)O)=O	192.063388104	Molecule
2003	C(C(C(C)=O)(C(C(CO)O)O)O)=O	192.063388104	Molecule
2005	C(C(CO)(C(C(C(C)=O)O)O)O)=O	192.063388104	Molecule
2007	C(C(CO)(C(C)(C(C=O)O)O)O)=O	192.063388104	Molecule
2010	C(C)(C(CO)(C(C(CO)O)O)O)=O	194.079038168	Molecule
2012	C(C(CO)(C(C)(C(CO)O)O)O)=O	194.079038168	Molecule
2014	C(C(CO)(CO)O)=O	120.04225873600001	Molecule
2017	C(C(CCO)(C(C=O)(CO)O)O)=O	192.063388104	Molecule
2019	C(C(CO)(C(CO)(CCO)O)O)=O	194.079038168	Molecule
2021	C(C(C=O)(C(C(CO)O)O)O)=O	178.04773804	Molecule
2023	C(C(CO)(C(C(C=O)O)O)O)=O	178.04773804	Molecule
2025	C(C(CO)(C(CO)(C)O)O)=O	164.068473484	Molecule
2027	C(C(CO)(C(C(CC=O)O)O)O)=O	192.063388104	Molecule
2029	C(C(CO)(C(CC(C=O)O)O)O)=O	192.063388104	Molecule
2031	C(C(CO)(C(C)O)O)=O	134.0579088	Molecule
2034	C(C(CO)(C(C=O)(CO)O)O)=O	178.04773804	Molecule
2036	C(C(C(C)=O)(C(C(C)=O)O)O)=O	174.05282342	Molecule
2038	C(C(C)(C(C=O)(C(C)=O)O)O)=O	174.05282342	Molecule
2040	C(C)(C(CO)(C(C(C)=O)O)O)=O	176.068473484	Molecule
2042	C(C(C)(C(C(C)=O)(CO)O)O)=O	176.068473484	Molecule
2044	C(C(C=O)(C(C(C)=O)O)O)=O	160.037173356	Molecule
2046	C(C(C=O)(C(C=O)(C)O)O)=O	160.037173356	Molecule
2048	C(C(C(C=O)(C(C(C)=O)O)O)O)=O	190.04773804	Molecule
2050	C(C(C(C=O)(C(C=O)(C)O)O)O)=O	190.04773804	Molecule
2052	C(CO)(C(CO)(C(C(C)=O)O)O)=O	192.063388104	Molecule
2054	C(C(C)(C(C(CO)=O)(CO)O)O)=O	192.063388104	Molecule
2056	C(C(C(C(C=O)=O)(CO)O)O)(C)=O	190.04773804	Molecule
2058	C(C(C)(C(C(C=O)=O)(CO)O)O)=O	190.04773804	Molecule
2060	C(C(C=O)(C(CC(CO)=O)O)O)=O	190.04773804	Molecule
2062	C(C(C=O)(C(CO)(CC=O)O)O)=O	190.04773804	Molecule
2064	C(C(C(C)=O)(C(C=O)O)O)=O	160.037173356	Molecule
2066	C(C(C(C)=O)(CO)O)=O	132.042258736	Molecule
2068	C(C(C=O)(C(C(C(C)=O)O)O)O)=O	190.04773804	Molecule
2070	C(C(C=O)(C(C)(C(C=O)O)O)O)=O	190.04773804	Molecule
2072	C(C(C(C(C=O)(C(C)=O)O)O)O)=O	190.04773804	Molecule
2074	C(C(C(C)=O)(C(CO)(C)O)O)=O	176.068473484	Molecule
2076	C(C(C(C)=O)(C(C)O)O)=O	146.0579088	Molecule
2078	C(C(C(C)=O)(C(C(CO)=O)O)O)=O	190.04773804	Molecule
2080	C(C(CO)(C(C=O)(C(C)=O)O)O)=O	190.04773804	Molecule
2084	C(C(C(C(C)=O)(C(C=O)O)O)O)=O	190.04773804	Molecule
2086	C(C(C=O)(C(C=O)O)O)=O	146.021523292	Molecule
2088	C(C(C(C=O)(C(C=O)O)O)O)=O	176.032087976	Molecule
2090	C(CO)(C(CO)(C(C=O)O)O)=O	178.04773804	Molecule
2092	C(C(C(CO)O)(C(C=O)O)O)(O)=O	194.04265266000002	Molecule
2094	C(C(C(C(C=O)=O)(CO)O)O)=O	176.032087976	Molecule
2096	C(C)(C(CO)(CO)O)=O	134.0579088	Molecule
2098	C(C(C=O)(C(C)(C(CO)O)O)O)=O	192.063388104	Molecule
2100	C(C(C(C(C(C)=O)(CO)O)O)O)=O	192.063388104	Molecule
2102	C(C)(C(CO)(C(CO)(C)O)O)=O	178.084123548	Molecule
2104	C(C)(C(CO)(C(C)O)O)=O	148.073558864	Molecule
2106	C(C)(C(CO)(C(C(CO)=O)O)O)=O	192.063388104	Molecule
2108	C(C(CO)(C(C(C)=O)(CO)O)O)=O	192.063388104	Molecule
2112	C(C(C=O)(CO)O)=O	118.02660867200001	Molecule
2115	C(CO)(C(CO)(CO)O)=O	150.05282342	Molecule
2117	C(CC(C(C(CO)(CO)O)=O)O)=O	192.063388104	Molecule
2119	C(C(CO)(CO)O)(CC(CO)=O)=O	192.063388104	Molecule
2121	C(CCO)(C(C(CO)=O)(CO)O)=O	192.063388104	Molecule
2123	C(C(C(C(CCO)O)=O)(CO)O)=O	192.063388104	Molecule
2128	C(C(CO)(C(C(C(C)O)=O)O)O)=O	192.063388104	Molecule
2130	C(C(CO)(C(C=O)O)O)(C(C)O)=O	192.063388104	Molecule
2132	C(CC(C(C(CO)=O)(CO)O)O)=O	192.063388104	Molecule
2134	C(CCO)(C(CO)(C(CO)O)O)=O	194.079038168	Molecule
2136	C(CC(CO)O)(C(CO)(CO)O)=O	194.079038168	Molecule
2139	C(C(CO)(C(C(CCO)O)O)O)=O	194.079038168	Molecule
2141	C(C(CO)(C(CO)O)O)(O)=O	166.04773803999998	Molecule
2143	C(CC=O)(C(C(C)=O)(CO)O)=O	174.05282342	Molecule
2145	C(C(C(CC(C)=O)=O)(CO)O)=O	174.05282342	Molecule
2147	C(C(C(CCC=O)=O)(CO)O)=O	174.05282342	Molecule
2149	C1(C(CO)C(C(C(CO)O)O1)O)=O	192.063388104	Molecule
2151	C1(COC(C(CO)O)C1(CO)O)=O	192.063388104	Molecule
2153	C1(CC(OC1(CO)C(CO)O)O)=O	192.063388104	Molecule
2155	C(C)(C1(CO)C(C(C(O1)O)O)O)=O	192.063388104	Molecule
2157	C1(C(CO)C(C(C(CO)O1)O)O)=O	192.063388104	Molecule
2159	C1(COC(CO)C(C1(CO)O)O)=O	192.063388104	Molecule
2161	C1(CC(O)OC(CO)C1(CO)O)=O	192.063388104	Molecule
2163	C1(CC(CO)OC(C1(CO)O)O)=O	192.063388104	Molecule
2165	C1(CC(C(OC1(CO)CO)O)O)=O	192.063388104	Molecule
2167	C1(C(CO)C(C(C(CO1)O)O)O)=O	192.063388104	Molecule
2169	C1(COCC(C(C1(CO)O)O)O)=O	192.063388104	Molecule
2171	C1(CC(O)OCC(C1(CO)O)O)=O	192.063388104	Molecule
2173	C1(CC(COC(C1(CO)O)O)O)=O	192.063388104	Molecule
2175	C1(CC(C(O)OCC1(CO)O)O)=O	192.063388104	Molecule
2177	C1(CCOC(C(C1(CO)O)O)O)=O	192.063388104	Molecule
2179	C(C(CO)(CO)O)(CC(C=O)=O)=O	190.04773804	Molecule
2181	C(CCO)(C(C(C=O)=O)(CO)O)=O	190.04773804	Molecule
2184	C(C)(C(CO)(C(C(C=O)=O)O)O)=O	190.04773804	Molecule
2186	C(CC(C(C(C=O)=O)(CO)O)O)=O	190.04773804	Molecule
2188	C(C(C(C=CCO)=O)(CO)O)=O	174.05282342	Molecule
2190	C(C=CC(C(CO)(CO)O)=O)=O	174.05282342	Molecule
2192	C(C(CO)(C(C(C=C)=O)O)O)=O	174.05282342	Molecule
2194	C(C(C(C(C=C)=O)(CO)O)O)=O	174.05282342	Molecule
2196	C(C(CO)(C(C=CC=O)O)O)=O	174.05282342	Molecule
2198	C(C(CO)(C1(CC(CO1)O)O)O)=O	192.063388104	Molecule
2200	C(C1(CO)C(CC(CO)(O1)O)O)=O	192.063388104	Molecule
2202	C(C1(CO)C(C(C(C)(O1)O)O)O)=O	192.063388104	Molecule
2204	C(C(CO)(C1C(CC(O)O1)O)O)=O	192.063388104	Molecule
2206	C(C1(CO)C(C(CC(O1)O)O)O)=O	192.063388104	Molecule
2208	C(C(C(CO)(CO)O)=O)=O	148.037173356	Molecule
2210	C(C(C=O)(C(C(CCO)=O)O)O)=O	190.04773804	Molecule
2212	C(C(C=O)(C(C=O)(CCO)O)O)=O	190.04773804	Molecule
2214	C(C(C=O)(C(CO)(CCO)O)O)=O	192.063388104	Molecule
2216	C(C(C(C)O)(C(C(C)=O)O)O)=O	176.068473484	Molecule
2218	C(C)(C(C(C)O)(C(C=O)O)O)=O	176.068473484	Molecule
2220	C(C(C=O)(C(C(C=O)O)O)O)=O	176.032087976	Molecule
2222	C(C(C=O)(C(CO)(C)O)O)=O	162.05282342	Molecule
2224	C(C(C=O)(C(C(CC=O)O)O)O)=O	190.04773804	Molecule
2226	C(C(C=O)(C(CC(C=O)O)O)O)=O	190.04773804	Molecule
2228	C(C(C=O)(C(C)O)O)=O	132.042258736	Molecule
2230	C(C(C=O)(C(C(CO)=O)O)O)=O	176.032087976	Molecule
2232	C(C(C=O)(C(C=O)(CO)O)O)=O	176.032087976	Molecule
2234	C(C(C(CO)(C)O)(C(C=O)O)O)=O	192.063388104	Molecule
2236	C(CO)(C(CO)(C(CO)(C)O)O)=O	194.079038168	Molecule
2238	C(C(C(CO)(C(CO)(C)O)O)=O)=O	192.063388104	Molecule
2240	C(C(C(C)O)(C(C=O)O)O)=O	162.05282342	Molecule
2242	C(CO)(C(CO)(C(C)O)O)=O	164.068473484	Molecule
2244	C(C(C(CO)O)(C(C)O)O)(O)=O	180.063388104	Molecule
2246	C(CC=O)(C(C(C)=O)(C(C)O)O)=O	188.068473484	Molecule
2248	C(C(C(CC(C)=O)=O)(C(C)O)O)=O	188.068473484	Molecule
2250	C(C(C(CCC=O)=O)(C(C)O)O)=O	188.068473484	Molecule
2252	C(C(C(C=CCO)=O)(C(C)O)O)=O	188.068473484	Molecule
2254	C(C=CC(C(CO)(C(C)O)O)=O)=O	188.068473484	Molecule
2256	C(C(C(C)O)(C(C(C=C)=O)O)O)=O	188.068473484	Molecule
2258	C(C(C(C(C=C)=O)(C(C)O)O)O)=O	188.068473484	Molecule
2260	C(C(C(C)O)(C(C=CC=O)O)O)=O	188.068473484	Molecule
2262	C(C(C(CO)(C(C)O)O)=O)=O	162.05282342	Molecule
2264	C(C(CO)(C(CO)O)O)=O	150.05282342	Molecule
2266	C(C(C(C)=O)(C(CO)O)O)=O	162.05282342	Molecule
2268	C(C)(C(CO)(C(CO)O)O)=O	164.068473484	Molecule
2271	C(C)(C(C(CO)O)(C(C=O)O)O)=O	192.063388104	Molecule
2273	C(C(C=O)(C(CO)O)O)=O	148.037173356	Molecule
2276	C(CO)(C(CO)(C(CO)O)O)=O	180.063388104	Molecule
2279	C(C(C(CO)(C(CO)O)O)=O)=O	178.04773804	Molecule
2282	C(C(C(CO)O)(C(C=O)(C)O)O)=O	192.063388104	Molecule
2286	C(C(C(CO)O)(C(CO)(C)O)O)=O	194.079038168	Molecule
2288	C(C(C(CO)O)(C(C)O)O)=O	164.068473484	Molecule
2290	C(CC(C(CO)(C(CO)O)O)=O)=O	192.063388104	Molecule
2292	C(C(C(CC(CO)O)=O)(CO)O)=O	192.063388104	Molecule
2294	C(CC(C=O)O)(C(CO)(CO)O)=O	192.063388104	Molecule
2297	C(C(CO)(C(C=O)O)O)(CCO)=O	192.063388104	Molecule
2303	C(C1(C(C(C(C1)O)O)O)O)=O	162.05282342	Molecule
2305	C1(C(C(C(C1(C)O)O)O)O)=O	162.05282342	Molecule
2307	C(C1(C(CC(C1)=O)O)O)=O	144.042258736	Molecule
2309	C(C1(C(CC(C1)O)O)O)(O)=O	162.05282342	Molecule
2311	C(C(C(CO)(CO)O)(CC=O)O)=O	192.063388104	Molecule
2313	C(C(C(CO)(CO)O)O)(O)=O	166.04773804	Molecule
2315	C(C(C(C(CO)O)O)(CC=O)O)=O	192.063388104	Molecule
2317	C(C(C(C(CO)O)O)O)(O)=O	166.04773804	Molecule
2319	C(CC(C=O)(C(C(C)=O)O)O)=O	174.05282342	Molecule
2321	C(CC(C=O)(C(C=O)(C)O)O)=O	174.05282342	Molecule
2324	C(C(C)(C(C(O)=O)O)O)=O	148.037173356	Molecule
2326	C(C(CCO)(C(C(C)=O)O)O)(O)=O	192.063388104	Molecule
2328	C(C(CCO)(C(C=O)(C)O)O)(O)=O	192.063388104	Molecule
2331	C(CC(CO)(C(C(O)=O)O)O)=O	178.04773804	Molecule
2334	C(C(C(C)(C(C=O)O)O)O)(O)=O	178.04773804	Molecule
2336	C(C(C(C=O)(CC(CO)=O)O)O)=O	190.04773804	Molecule
2338	C(CC(C=O)(C(C=O)O)O)=O	160.037173356	Molecule
2341	C(C(CCO)(C(C=O)O)O)(O)=O	178.04773804	Molecule
2343	C(C(C(C)(C(CO)O)O)O)(O)=O	180.063388104	Molecule
2346	C(C(C(C)O)(CC(CO)=O)O)=O	176.068473484	Molecule
2349	C(C(CO)(CC=O)O)(C(CO)O)=O	192.063388104	Molecule
2351	C(C(C(CO)(CC(CO)O)O)=O)=O	192.063388104	Molecule
2353	C(C(CO)(CC(C(CO)=O)O)O)=O	192.063388104	Molecule
2355	C(C(CC(C(CO)=O)(CO)O)O)=O	192.063388104	Molecule
2357	C(C(C(C(CO)(CCO)O)=O)O)=O	192.063388104	Molecule
2359	C(CO)(C(CO)(CC(CO)=O)O)=O	192.063388104	Molecule
2361	C(C(CO)(CC(C(C=O)O)O)O)=O	192.063388104	Molecule
2363	C(C(C(C=O)O)O)(C(CO)(C)O)=O	192.063388104	Molecule
2366	C(C)(C(CO)(CC(C=O)=O)O)=O	174.05282342	Molecule
2368	C(C(CO)(CC=O)O)(CC=O)=O	174.05282342	Molecule
2370	C(C(CO)(CC(C(C)=O)=O)O)=O	174.05282342	Molecule
2372	C(C(CO)(CC(CC=O)=O)O)=O	174.05282342	Molecule
2374	C1(C(CO)(O)OC(C(CO)O)C1)=O	192.063388104	Molecule
2376	C1(C(CO)(O)OC(C(C1)O)CO)=O	192.063388104	Molecule
2378	C1(C(CO)(O)OCC(C(C1)O)O)=O	192.063388104	Molecule
2380	C(C(CO)(CC(CCO)=O)O)(O)=O	192.063388104	Molecule
2382	C(C(CO)(CCC(CO)=O)O)(O)=O	192.063388104	Molecule
2384	C(C(CO)(CC(C(C)=O)O)O)(O)=O	192.063388104	Molecule
2386	C(C(CC(C(C)=O)(CO)O)O)(O)=O	192.063388104	Molecule
2388	C(C(CO)(CC(CC=O)O)O)(O)=O	192.063388104	Molecule
2390	C(CC(C(C=O)=O)(CO)O)(CO)=O	190.04773804	Molecule
2392	C(C(C=CC(CO)=O)(CO)O)=O	174.05282342	Molecule
2394	C(C(C=CC(CO)O)(CO)O)(O)=O	192.063388104	Molecule
2396	C1(C(CO)(CC(C(CO)O)O1)O)=O	192.063388104	Molecule
2398	C1(C(CO)(CC(C(CO)O1)O)O)=O	192.063388104	Molecule
2400	C1(C(CO)(CC(C(CO1)O)O)O)=O	192.063388104	Molecule
2402	C(C(CO)(CCO)O)(O)=O	150.05282342	Molecule
2404	C(C(CO)(CC(C(CO)O)O)O)=O	194.079038168	Molecule
2407	C(C(CCO)(C(C(O)=O)O)O)=O	178.04773804	Molecule
2409	C(C(C(CO)(CCO)O)O)(O)=O	180.063388104	Molecule
2411	C(C(C(C(C=O)(CC=O)O)O)O)=O	190.04773804	Molecule
2413	C(C(C(C(C=O)O)O)O)(O)=O	164.032087976	Molecule
2415	C(C(C(CO)(C)O)(CC=O)O)=O	176.068473484	Molecule
2417	C(C(C(CO)(C)O)O)(O)=O	150.05282342	Molecule
2419	C(C(CCO)(C(CO)(C)O)O)(O)=O	194.079038168	Molecule
2421	C(C(C(C)O)(CC=O)O)=O	146.0579088	Molecule
2423	C(CC(C=O)(C(C(CO)=O)O)O)=O	190.04773804	Molecule
2425	C(CC(C=O)(C(C=O)(CO)O)O)=O	190.04773804	Molecule
2429	C(C(C(C(C(C=O)O)O)O)O)(O)=O	194.04265266000002	Molecule
2431	C(C(C(C)O)O)(O)=O	120.04225873600001	Molecule
2433	C(C)(C(C(C)O)(CC(C=O)=O)O)=O	188.068473484	Molecule
2435	C(C(C(C)O)(CC=O)O)(CC=O)=O	188.068473484	Molecule
2437	C(C(C(C)O)(CC(C(C)=O)=O)O)=O	188.068473484	Molecule
2439	C(C(C(C)O)(CC(CC=O)=O)O)=O	188.068473484	Molecule
2441	C(C(C=CC(CO)=O)(C(C)O)O)=O	188.068473484	Molecule
2443	C(C(C(C)O)(CCO)O)(O)=O	164.068473484	Molecule
2445	C(C(C(C(CO)=O)O)O)(O)=O	164.032087976	Molecule
2447	C(C(CO)(C(C(O)=O)O)O)=O	164.032087976	Molecule
2449	C(C(C(CO)(C(CO)O)O)O)(O)=O	196.05830272400001	Molecule
2451	C(C(C(C(O)=O)O)O)(C(CO)O)=O	194.04265266	Molecule
2453	C(C(C(CO)O)(C(C(O)=O)O)O)=O	194.04265266	Molecule
2458	C(C(C(CO)O)(CCO)O)(O)=O	180.063388104	Molecule
2467	C(C(C(CO)O)OC(CO)=O)=O	178.04773804	Molecule
2469	C(C(C(CO)OC(CO)=O)O)=O	178.04773804	Molecule
2471	C(C(C(COC(CO)=O)O)O)=O	178.04773804	Molecule
2473	C1(CC(C(C1CO)=O)O)=O	144.042258736	Molecule
2475	C1(C(CO)CC(C1O)=O)=O	144.042258736	Molecule
2497	C(C(C)=O)(C(C(CO)O)O)=O	162.05282342	Molecule
2593	C1(CCC(C1(CO)O)=O)=O	144.042258736	Molecule
2596	C1(C(CO)(CC(C1)=O)O)=O	144.042258736	Molecule
2606	C1(CC(C(C(C)=O)O1)O)=O	144.042258736	Molecule
2608	C1(CC(C(CC=O)O1)O)=O	144.042258736	Molecule
2610	C1(COC(C(C)=O)C1O)=O	144.042258736	Molecule
2612	C(CC1C(C(CO1)=O)O)=O	144.042258736	Molecule
2614	C(C)(C1CC(C(O)O1)=O)=O	144.042258736	Molecule
2616	C(CC1CC(C(O)O1)=O)=O	144.042258736	Molecule
2618	C1(CC(OC1C(C)=O)O)=O	144.042258736	Molecule
2620	C(CC1C(CC(O1)O)=O)=O	144.042258736	Molecule
2630	C1(CC(CC(CO)O1)=O)=O	144.042258736	Molecule
2632	C1(CCC(OC1CO)=O)=O	144.042258736	Molecule
2634	C1(C(COC(CO)C1)=O)=O	144.042258736	Molecule
2636	C1(C(CO)OCC(C1)=O)=O	144.042258736	Molecule
2642	C1(CC(CC(CO1)O)=O)=O	144.042258736	Molecule
2644	C1(CCC(OCC1O)=O)=O	144.042258736	Molecule
2646	C1(CC(C(CCO1)=O)O)=O	144.042258736	Molecule
2648	C1(CC(CC(CO1)=O)O)=O	144.042258736	Molecule
2650	C1(C(COCC(C1)O)=O)=O	144.042258736	Molecule
2652	C1(C(COCC(C1)=O)O)=O	144.042258736	Molecule
2654	C1(CCOCC(C1O)=O)=O	144.042258736	Molecule
2656	C1(COCC(CC1O)=O)=O	144.042258736	Molecule
2658	C1(CCOC(C(C1)=O)O)=O	144.042258736	Molecule
2660	C1(COC(C(CC1)=O)O)=O	144.042258736	Molecule
2662	C1(C(CC(O)OCC1)=O)=O	144.042258736	Molecule
2664	C1(CC(OCC(C1)=O)O)=O	144.042258736	Molecule
2678	C(C)(CC(C(C=O)=O)=O)=O	142.026608672	Molecule
2680	C(CCC(C(C=O)=O)=O)=O	142.026608672	Molecule
2682	C(C(CC(C(C)=O)=O)=O)=O	142.026608672	Molecule
2684	C(CC(CC(C=O)=O)=O)=O	142.026608672	Molecule
2690	C(C(C=CC(C)=O)=O)=O	126.031694052	Molecule
2692	C(CC=CC(C=O)=O)=O	126.031694052	Molecule
2694	C(C=CC(C(C)=O)=O)=O	126.031694052	Molecule
2696	C(CC(C=CC=O)=O)=O	126.031694052	Molecule
2698	C=CC(CC(C=O)=O)=O	126.031694052	Molecule
2700	C(CC(C(C=C)=O)=O)=O	126.031694052	Molecule
2702	C(CC(C=O)=O)=CC=O	126.031694052	Molecule
2705	C(C=CC(CCO)=O)(O)=O	144.042258736	Molecule
2707	C(CO)(CC=CC(O)=O)=O	144.042258736	Molecule
2709	C(C)(C(C=CC(O)=O)O)=O	144.042258736	Molecule
2711	C(CC(C=CC(O)=O)O)=O	144.042258736	Molecule
2713	C(C(C=CC(C)=O)O)(O)=O	144.042258736	Molecule
2715	C(C(C=CCC=O)O)(O)=O	144.042258736	Molecule
2718	C1(COCC1O)=O	102.031694052	Molecule
2720	C1(C(O)OCC1)=O	102.031694052	Molecule
2723	C(C1C(C(C(CO)O1)O)O)=O	162.05282342	Molecule
2725	C1(C(CO)OC(CO)C1O)=O	162.05282342	Molecule
2727	C1(C(CO)(O)OC(CO)C1)=O	162.05282342	Molecule
2729	C1(C(CO)OC(CO)(C1)O)=O	162.05282342	Molecule
2731	C(CC1C(C(CO1)O)=O)=O	144.042258736	Molecule
2733	C(CC1(C(CCO1)=O)O)=O	144.042258736	Molecule
2735	C(CC1(CC(CO1)=O)O)=O	144.042258736	Molecule
2737	C(C(C1CC(CO1)O)=O)=O	144.042258736	Molecule
2739	C(C1C(CC(C=O)O1)O)=O	144.042258736	Molecule
2741	C(C1C(CC(C)(O1)O)=O)=O	144.042258736	Molecule
2743	C1(CC(C=O)OC1(C)O)=O	144.042258736	Molecule
2745	C(C1C(C(C(C)O1)=O)O)=O	144.042258736	Molecule
2747	C1(C(O)OC(C(C)=O)C1O)=O	160.037173356	Molecule
2749	C(CC1C(C(C(O)O1)=O)O)=O	160.037173356	Molecule
2751	C(C1C(C(C(CO)O1)O)=O)=O	160.037173356	Molecule
2753	C(C1(C(CC(CO)O1)=O)O)=O	160.037173356	Molecule
2755	C1(CC(C=O)(OC1CO)O)=O	160.037173356	Molecule
2757	C(C1C(C(C(CO1)O)O)O)=O	162.05282342	Molecule
2759	C1(C(CO)OCC(C1O)O)=O	162.05282342	Molecule
2761	C1(C(CO)(O)OCC(C1)O)=O	162.05282342	Molecule
2763	C1(C(COC(CO)(C1)O)O)=O	162.05282342	Molecule
2765	C1(C(C(CO)(O)OCC1)O)=O	162.05282342	Molecule
2767	C1(COC(CO)(C(C1)O)O)=O	162.05282342	Molecule
2769	C1(CC(C=O)(O)OCC1)=O	144.042258736	Molecule
2771	C(C1(CCC(CO1)=O)O)=O	144.042258736	Molecule
2773	C(C1C(CCC(O1)O)=O)=O	144.042258736	Molecule
2775	C1(CC(C=O)OC(C1)O)=O	144.042258736	Molecule
2777	C1(C(C(O)OC(CO)C1)=O)=O	160.037173356	Molecule
2779	C1(C(CO)OC(C(C1)=O)O)=O	160.037173356	Molecule
2781	C(C1C(C(C(CO1)O)O)=O)=O	160.037173356	Molecule
2783	C(C1(C(CC(CO1)O)=O)O)=O	160.037173356	Molecule
2785	C1(CC(C=O)(O)OCC1O)=O	160.037173356	Molecule
2787	C1(C(C(C=O)(O)OCC1)O)=O	160.037173356	Molecule
2789	C(C1(C(CC(CO1)=O)O)O)=O	160.037173356	Molecule
2791	C1(C(C(O)OCC(C1)O)=O)=O	160.037173356	Molecule
2793	C1(C(COC(C(C1)=O)O)O)=O	160.037173356	Molecule
2795	C1(CCOC(C(C1O)=O)O)=O	160.037173356	Molecule
2797	C1(C(O)OCC(CC1O)=O)=O	160.037173356	Molecule
2799	C1(C(CC(C(CO)O)O1)=O)=O	160.037173356	Molecule
2801	C1(CC(C(C(CO)O)O1)=O)=O	160.037173356	Molecule
2803	C1(C(C(C(C(C)=O)O1)O)O)=O	160.037173356	Molecule
2805	C(CC1C(C(C(O1)=O)O)O)=O	160.037173356	Molecule
2807	C1(C(CC(C(C)=O)O1)O)=O	144.042258736	Molecule
2809	C(CC1CC(C(O1)=O)O)=O	144.042258736	Molecule
2811	C1(C(CC(C(CO)O1)O)=O)=O	160.037173356	Molecule
2813	C1(CC(C(C(CO)O1)O)=O)=O	160.037173356	Molecule
2815	C1(C(C(CC(CO)O1)=O)O)=O	160.037173356	Molecule
2817	C1(CC(C(OC1CO)=O)O)=O	160.037173356	Molecule
2819	C1(C(CC(C(CO1)O)O)=O)=O	160.037173356	Molecule
2821	C1(CC(C(C(CO1)O)O)=O)=O	160.037173356	Molecule
2823	C1(C(C(CC(CO1)O)=O)O)=O	160.037173356	Molecule
2825	C1(CC(C(OCC1O)=O)O)=O	160.037173356	Molecule
2827	C1(C(C(C(OCC1)=O)O)O)=O	160.037173356	Molecule
2829	C1(C(C(CC(CO1)=O)O)O)=O	160.037173356	Molecule
2831	C1(CC(C(OCC1)=O)O)=O	144.042258736	Molecule
2833	C1(C(CCC(CO1)=O)O)=O	144.042258736	Molecule
2838	C(C(CCC(CO)=O)O)=O	146.0579088	Molecule
2840	C(C(CC(C(C)=O)O)O)=O	146.0579088	Molecule
2843	C1C(C(C(C=1CO)=O)O)O	144.042258736	Molecule
2845	C=C1C(C(C(C1O)O)O)=O	144.042258736	Molecule
2848	C1C(C(C(C=1C=O)O)O)O	144.042258736	Molecule
2873	C(C(C(C(C=C)O)O)O)=O	146.0579088	Molecule
2884	C(C1(C=CC(C1O)O)O)=O	144.042258736	Molecule
2894	C1C(C(CO)O)OC(C=1)=O	144.042258736	Molecule
2896	C1OC(C(C=1)=O)C(CO)O	144.042258736	Molecule
2898	C1C(C(CO)OC(C=1)=O)O	144.042258736	Molecule
2900	C1C(CO)OC(C(C=1)=O)O	144.042258736	Molecule
2902	C1OC(CO)C(C(C=1)=O)O	144.042258736	Molecule
2904	C1C(OC(C(C=1)=O)CO)O	144.042258736	Molecule
2906	C1C(C(COC(C=1)=O)O)O	144.042258736	Molecule
2908	C1C(COC(C(C=1)=O)O)O	144.042258736	Molecule
2910	C1OCC(C(C(C=1)=O)O)O	144.042258736	Molecule
2912	C1COC(C(C(C=1)=O)O)O	144.042258736	Molecule
2914	C1C(O)OCC(C(C=1)=O)O	144.042258736	Molecule
2916	C1C(C(OCC(C=1)=O)O)O	144.042258736	Molecule
2919	C(C(CC(C=C)=O)O)(O)=O	144.042258736	Molecule
2926	C(C(CC=CC=O)O)(O)=O	144.042258736	Molecule
2928	C(CO)=CC(C(C=O)=O)=O	142.026608672	Molecule
2930	C=CC(C(C(C=O)=O)O)=O	142.026608672	Molecule
2932	C(C(C=CC(CO)=O)=O)=O	142.026608672	Molecule
2934	C(C(C(C=O)=O)O)=CC=O	142.026608672	Molecule
2936	C1C(C(CO)OC=1C=O)O	144.042258736	Molecule
2938	C(C1(C=CC(CO)O1)O)=O	144.042258736	Molecule
2940	C1(C(C(CO1)O)O)=CC=O	144.042258736	Molecule
2942	C(C(C1OCC(C=1)O)O)=O	144.042258736	Molecule
2944	C(C(C1(C=CCO1)O)O)=O	144.042258736	Molecule
2946	C(C1C=CC(CO)(O1)O)=O	144.042258736	Molecule
2948	C(C1C(C=C(CO)O1)O)=O	144.042258736	Molecule
2950	C(C1C(C(C(O1)=C)O)O)=O	144.042258736	Molecule
2952	C(C(C1C=CC(O)O1)O)=O	144.042258736	Molecule
2954	C(C(C1C(C=CO1)O)O)=O	144.042258736	Molecule
2956	C1C(C(COC=1C=O)O)O	144.042258736	Molecule
2958	C(C1(C=CC(CO1)O)O)=O	144.042258736	Molecule
2960	C(C1C(C=CC(O)O1)O)=O	144.042258736	Molecule
2962	C(C1C(C(C=CO1)O)O)=O	144.042258736	Molecule
2966	C1(C(C=CC(CO)O1)O)=O	144.042258736	Molecule
2969	C1(C(C=CC(CO1)O)O)=O	144.042258736	Molecule
2971	C(CO)=CC(O)=O	102.031694052	Molecule
2973	C(C(C=C)O)(O)=O	102.031694052	Molecule
2976	C(C(C=CC(CO)O)O)=O	146.0579088	Molecule
2978	C(C1(C(C(C(C1O)O)O)O)O)O	180.06338810399998	Molecule
2980	C1(C(C(C(C(C1O)O)O)O)O)O	180.06338810399998	Molecule
3075	C1C(C(C(C(CO)O)(O)O1)O)O	180.063388104	Molecule
3093	C=CC(C(CO)O)O	118.06299418	Molecule
3095	C(C(CO)O)=CCO	118.06299418	Molecule
3097	C12C(C(C(CC1O)(O)O2)O)O	162.05282342	Molecule
3099	C1(C2C(C(C(C2O)O1)O)O)O	162.05282342	Molecule
3106	C(C1(C(CC(CO)O1)O)O)=O	162.05282342	Molecule
3108	C1(COC(C(CO)O)(C1)O)=O	162.05282342	Molecule
3111	C(C1CC(C(CO)(O1)O)O)=O	162.05282342	Molecule
3113	C(CO)(C1CC(C(O1)O)O)=O	162.05282342	Molecule
3115	C1(COC(CCO)(C1O)O)=O	162.05282342	Molecule
3117	C1(C(CCO)OC(C1O)O)=O	162.05282342	Molecule
3119	C(C(C1(C(CCO1)O)O)O)=O	162.05282342	Molecule
3121	C(C(C1CC(C(O)O1)O)O)=O	162.05282342	Molecule
3125	C(C(C1(C(C(CO1)O)O)O)O)=O	178.04773804	Molecule
3136	C1(C(CC(C(CO)O)(O)O1)O)=O	178.04773803999998	Molecule
3138	C1(C(C(C(CCO)(O)O1)O)O)=O	178.04773803999998	Molecule
3145	C1(C2(C(C(CC2O)O1)O)O)O	162.05282342	Molecule
3147	C1C(C(C(O)O1)(C(CO)O)O)O	180.063388104	Molecule
3157	C1C2(C(C(C(CO)O2)O1)O)O	162.05282342	Molecule
3159	C(C1C2CC(C(O)O2)(O)O1)O	162.05282342	Molecule
3161	C1C(C2C(CC(O)O2)(O)O1)O	162.05282342	Molecule
3163	CC1(C2C(C(C(O)O2)O1)O)O	162.05282342	Molecule
3165	C1(CC2C(C(C(O)O2)O)O1)O	162.05282342	Molecule
3167	C1C2C(C(CC(O)O2)(O)O1)O	162.05282342	Molecule
3169	C1C2CC(C(C(O)O2)O)(O)O1	162.05282342	Molecule
3171	C1C2(C(C(C(CO1)O2)O)O)O	162.05282342	Molecule
3173	C1C2C(CC(C(O)O1)(O)O2)O	162.05282342	Molecule
3175	C1C(C2(CC(C(O2)O1)O)O)O	162.05282342	Molecule
3177	C1CC2(C(C(C(O2)O1)O)O)O	162.05282342	Molecule
3179	C1C2(CC(C(C(O)O1)O2)O)O	162.05282342	Molecule
3181	C1(C(CC(CCO)(O)O1)O)=O	162.05282342	Molecule
3183	C(C1CCC(CO)(O1)O)(O)=O	162.05282342	Molecule
3185	C(C1CC(C(C)(O1)O)O)(O)=O	162.05282342	Molecule
3188	C(C(C1(CC(CO1)O)O)=O)=O	160.037173356	Molecule
3192	C(C(C1C(CC(O1)O)O)=O)=O	160.037173356	Molecule
3199	C1(C2(C(C(C(CO)O2)O1)O)O)O	178.04773804	Molecule
3202	C1C(C2CC(C(O)O2)(O)O1)O	162.05282342	Molecule
3204	C1(C2C(C(CC(O)O2)O1)O)O	162.05282342	Molecule
3206	C1C(C2C(C(C(O)O2)(O)O1)O)O	178.04773804	Molecule
3208	C1C2C(C(C(C(O)O1)(O)O2)O)O	178.04773804	Molecule
3210	C1(C(O)OCC1O)=O	118.02660867200001	Molecule
3212	C(C(C1CC(C(O)O1)O)O)O	164.068473484	Molecule
3218	C(C1(C(CC(CO1)O)O)O)=O	162.05282342	Molecule
3222	C1(COC(CO)(CC1O)O)=O	162.05282342	Molecule
3225	C(C1C(CC(C(O1)O)O)O)=O	162.05282342	Molecule
3227	C(C1CC(C(C(O1)O)O)O)=O	162.05282342	Molecule
3229	C1(COC(C)(C(C1O)O)O)=O	162.05282342	Molecule
3231	C1(C(C)OC(C(C1O)O)O)=O	162.05282342	Molecule
3235	CC1(C(C(C(CO1)O)O)O)O	164.068473484	Molecule
3239	C1(C(C(CC(CO)(O)O1)O)O)=O	178.04773803999998	Molecule
3241	C1(C(C(C(C(C)(O)O1)O)O)O)=O	178.04773803999998	Molecule
3249	C1C2(C(C(C(CO2)O)O1)O)O	162.05282342	Molecule
3253	C1C2(C(C(C(CO2)O1)O)O)O	162.05282342	Molecule
3255	C1C2C(CC(C(O)O2)(O)O1)O	162.05282342	Molecule
3257	C1(C(CCC(CO)(O)O1)O)=O	162.05282342	Molecule
3259	C1(C(CC(C(C)(O)O1)O)O)=O	162.05282342	Molecule
3261	C(C1CC(CC(O1)O)O)(O)=O	162.05282342	Molecule
3273	C1C2C(C(C(C(O)O2)(O)O1)O)O	178.04773804	Molecule
3276	C(C1C(CC(C(O)O1)O)O)O	164.068473484	Molecule
3282	C1(COC(CC(C1O)O)O)=O	162.05282342	Molecule
3285	C1C(C(C(CC(O)O1)O)O)O	164.068473484	Molecule
3287	C1CC(C(C(C(O)O1)O)O)O	164.068473484	Molecule
3289	C1(C(C(C(CC(O)O1)O)O)O)=O	178.04773803999998	Molecule
3291	C1(CC(C(C(C(O)O1)O)O)O)=O	178.04773803999998	Molecule
3297	C12C(C(C(CC(O)O1)O2)O)O	162.05282342	Molecule
3299	C1(C(CC(CC(O)O1)O)O)=O	162.05282342	Molecule
3307	C12CC(C(C(C(O)O1)O)O2)O	162.05282342	Molecule
3310	C1C(C(CC(C(O)O1)O)O)O	164.068473484	Molecule
3349	C1(CC(C(C(C=O)O)O1)O)=O	160.037173356	Molecule
3351	C1(C(C(C(C(CO)O)O1)O)=O)=O	176.032087976	Molecule
3361	C1(C(CCO1)O)=O	102.031694052	Molecule
3367	C1(CC(C(C(C=O)O1)O)O)=O	160.037173356	Molecule
3369	C1(C(C(C(C(CO)O1)O)O)=O)=O	176.032087976	Molecule
3380	C1(C(C(C(C(CO1)O)O)O)=O)=O	176.032087976	Molecule
3386	C(CC(C(CO)O)CC(C=O)=O)=O	188.068473484	Molecule
3388	C(C(C(CC(CO)CC=O)=O)O)=O	188.068473484	Molecule
3390	C(CC(C=O)CC=O)(C(CO)O)=O	188.068473484	Molecule
3392	C(CC(C(C(CO)O)=O)CC=O)=O	188.068473484	Molecule
3394	C(CCCC(C(C(C=O)O)O)=O)=O	188.068473484	Molecule
3396	C(CC(C(C=O)O)CC(CO)=O)=O	188.068473484	Molecule
3398	C(CC(C(C(C=O)O)O)CC=O)=O	188.068473484	Molecule
3486	[C](C(O)=O)(CC(C(CO)O)O)O	179.05556307199998	Molecule
3488	[C](C(O)=O)(C(C(C(CO)O)O)O)O	195.050477692	Molecule
